step_idx,loss,learning_rate,train_accuracy,test_accuracy
1,0.039739370346069336,1.6666666666666667e-08,0.71875,NA
2,0.03445795178413391,3.3333333333333334e-08,0.734375,NA
3,0.04334691911935806,5.0000000000000004e-08,0.65625,NA
4,0.03314073756337166,6.666666666666667e-08,0.734375,NA
5,0.05104454234242439,8.333333333333334e-08,0.59375,NA
6,0.040991682559251785,1.0000000000000001e-07,0.6875,NA
7,0.03983728960156441,1.1666666666666668e-07,0.703125,NA
8,0.04009207710623741,1.3333333333333334e-07,0.734375,NA
9,0.05199384316802025,1.5000000000000002e-07,0.5625,NA
10,0.04223306104540825,1.6666666666666668e-07,0.6875,NA
11,0.0535966120660305,1.8333333333333333e-07,0.59375,NA
12,0.04228968173265457,2.0000000000000002e-07,0.640625,NA
13,0.03853239119052887,2.166666666666667e-07,0.703125,NA
14,0.03940315544605255,2.3333333333333336e-07,0.734375,NA
15,0.04262561351060867,2.5000000000000004e-07,0.65625,NA
16,0.03339961916208267,2.6666666666666667e-07,0.734375,NA
17,0.041332025080919266,2.8333333333333336e-07,0.640625,NA
18,0.05704505369067192,3.0000000000000004e-07,0.578125,NA
19,0.036215972155332565,3.1666666666666667e-07,0.765625,NA
20,0.04529600590467453,3.3333333333333335e-07,0.65625,NA
21,0.04564167186617851,3.5000000000000004e-07,0.609375,NA
22,0.03811497613787651,3.6666666666666667e-07,0.71875,NA
23,0.04110613092780113,3.8333333333333335e-07,0.671875,NA
24,0.042721591889858246,4.0000000000000003e-07,0.671875,NA
25,0.045250292867422104,4.1666666666666667e-07,0.609375,NA
26,0.03689790889620781,4.333333333333334e-07,0.734375,NA
27,0.03674697503447533,4.5e-07,0.6875,NA
28,0.04418765380978584,4.666666666666667e-07,0.6875,NA
29,0.03670634329319,4.833333333333333e-07,0.703125,NA
30,0.04505559429526329,5.000000000000001e-07,0.640625,NA
31,0.045530498027801514,5.166666666666667e-07,0.71875,NA
32,0.040414076298475266,5.333333333333333e-07,0.703125,NA
33,0.037502240389585495,5.500000000000001e-07,0.71875,NA
34,0.050637222826480865,5.666666666666667e-07,0.59375,NA
35,0.034594278782606125,5.833333333333334e-07,0.75,NA
36,0.043097447603940964,6.000000000000001e-07,0.640625,NA
37,0.039460815489292145,6.166666666666668e-07,0.6875,NA
38,0.04052237421274185,6.333333333333333e-07,0.71875,NA
39,0.0541837103664875,6.500000000000001e-07,0.5625,NA
40,0.03586933761835098,6.666666666666667e-07,0.734375,NA
41,0.038834478706121445,6.833333333333334e-07,0.703125,NA
42,0.05048102140426636,7.000000000000001e-07,0.59375,NA
43,0.04191422462463379,7.166666666666668e-07,0.671875,NA
44,0.04932882636785507,7.333333333333333e-07,0.625,NA
45,0.031405579298734665,7.5e-07,0.734375,NA
46,0.042840633541345596,7.666666666666667e-07,0.65625,NA
47,0.03665957599878311,7.833333333333334e-07,0.703125,NA
48,0.038737621158361435,8.000000000000001e-07,0.71875,NA
49,0.03885184973478317,8.166666666666669e-07,0.703125,NA
50,0.04498235508799553,8.333333333333333e-07,0.65625,NA
51,0.043870117515325546,8.5e-07,0.609375,NA
52,0.043127063661813736,8.666666666666668e-07,0.609375,NA
53,0.04762081801891327,8.833333333333335e-07,0.609375,NA
54,0.03454199060797691,9e-07,0.671875,NA
55,0.04209720343351364,9.166666666666667e-07,0.671875,NA
56,0.04333152994513512,9.333333333333334e-07,0.71875,NA
57,0.04181689769029617,9.500000000000001e-07,0.640625,NA
58,0.046108510345220566,9.666666666666666e-07,0.609375,NA
59,0.04232122004032135,9.833333333333334e-07,0.671875,NA
60,0.037905994802713394,1.0000000000000002e-06,0.671875,NA
61,0.03832252696156502,1.0166666666666667e-06,0.6875,NA
62,0.04380502924323082,1.0333333333333333e-06,0.640625,NA
63,0.0437634103000164,1.0500000000000001e-06,0.671875,NA
64,0.044734325259923935,1.0666666666666667e-06,0.65625,NA
65,0.03787510097026825,1.0833333333333335e-06,0.6875,NA
66,0.03888758271932602,1.1000000000000003e-06,0.640625,NA
67,0.03556050360202789,1.1166666666666666e-06,0.734375,NA
68,0.038239073008298874,1.1333333333333334e-06,0.734375,NA
69,0.0435902439057827,1.1500000000000002e-06,0.65625,NA
70,0.03670218959450722,1.1666666666666668e-06,0.734375,NA
71,0.03727783262729645,1.1833333333333334e-06,0.75,NA
72,0.03129643201828003,1.2000000000000002e-06,0.796875,NA
73,0.039964109659194946,1.2166666666666667e-06,0.6875,NA
74,0.041676945984363556,1.2333333333333335e-06,0.703125,NA
75,0.041915249079465866,1.25e-06,0.625,NA
76,0.04242106154561043,1.2666666666666667e-06,0.6875,NA
77,0.04028915986418724,1.2833333333333335e-06,0.71875,NA
78,0.046243708580732346,1.3000000000000003e-06,0.734375,NA
79,0.04786147177219391,1.3166666666666666e-06,0.609375,NA
80,0.04317177087068558,1.3333333333333334e-06,0.71875,NA
81,0.0448935329914093,1.3500000000000002e-06,0.625,NA
82,0.036848634481430054,1.3666666666666668e-06,0.6875,NA
83,0.03652133047580719,1.3833333333333336e-06,0.6875,NA
84,0.044125352054834366,1.4000000000000001e-06,0.671875,NA
85,0.04311857745051384,1.4166666666666667e-06,0.625,NA
86,0.04665977880358696,1.4333333333333335e-06,0.609375,NA
87,0.044546592980623245,1.45e-06,0.671875,NA
88,0.04398364573717117,1.4666666666666667e-06,0.578125,NA
89,0.03619617223739624,1.4833333333333335e-06,0.765625,NA
90,0.030106177553534508,1.5e-06,0.78125,NA
91,0.04423409327864647,1.5166666666666668e-06,0.640625,NA
92,0.03426561504602432,1.5333333333333334e-06,0.703125,NA
93,0.04416337609291077,1.5500000000000002e-06,0.6875,NA
94,0.03991825878620148,1.5666666666666668e-06,0.703125,NA
95,0.035865575075149536,1.5833333333333336e-06,0.78125,NA
96,0.03911250829696655,1.6000000000000001e-06,0.671875,NA
97,0.04293990135192871,1.6166666666666667e-06,0.703125,NA
98,0.036254435777664185,1.6333333333333337e-06,0.78125,NA
99,0.03919209539890289,1.65e-06,0.6875,NA
100,0.04060632735490799,1.6666666666666667e-06,0.671875,0.6617
101,0.0449293851852417,1.6833333333333335e-06,0.640625,NA
102,0.044995374977588654,1.7e-06,0.640625,NA
103,0.03352540731430054,1.7166666666666668e-06,0.734375,NA
104,0.03994498401880264,1.7333333333333336e-06,0.703125,NA
105,0.0382862351834774,1.7500000000000002e-06,0.65625,NA
106,0.03948000818490982,1.766666666666667e-06,0.71875,NA
107,0.03811062127351761,1.7833333333333333e-06,0.78125,NA
108,0.03804576024413109,1.8e-06,0.71875,NA
109,0.04712877795100212,1.8166666666666667e-06,0.625,NA
110,0.03389711305499077,1.8333333333333335e-06,0.71875,NA
111,0.050050999969244,1.85e-06,0.578125,NA
112,0.037008874118328094,1.8666666666666669e-06,0.71875,NA
113,0.05299961566925049,1.8833333333333337e-06,0.609375,NA
114,0.04649652913212776,1.9000000000000002e-06,0.671875,NA
115,0.04269137606024742,1.916666666666667e-06,0.625,NA
116,0.04911057651042938,1.933333333333333e-06,0.625,NA
117,0.04004824906587601,1.95e-06,0.671875,NA
118,0.03382667899131775,1.9666666666666668e-06,0.71875,NA
119,0.03298687934875488,1.9833333333333335e-06,0.734375,NA
120,0.0381946824491024,2.0000000000000003e-06,0.65625,NA
121,0.04350427910685539,2.0166666666666667e-06,0.59375,NA
122,0.045167226344347,2.0333333333333335e-06,0.640625,NA
123,0.04371912404894829,2.0500000000000003e-06,0.65625,NA
124,0.043623071163892746,2.0666666666666666e-06,0.671875,NA
125,0.03977598994970322,2.0833333333333334e-06,0.6875,NA
126,0.043583065271377563,2.1000000000000002e-06,0.609375,NA
127,0.04274667426943779,2.1166666666666666e-06,0.640625,NA
128,0.043602194637060165,2.1333333333333334e-06,0.640625,NA
129,0.036178406327962875,2.15e-06,0.734375,NA
130,0.04814932122826576,2.166666666666667e-06,0.609375,NA
131,0.036361705511808395,2.1833333333333337e-06,0.71875,NA
132,0.04418286308646202,2.2000000000000005e-06,0.59375,NA
133,0.03679800406098366,2.216666666666667e-06,0.75,NA
134,0.04605763778090477,2.2333333333333333e-06,0.640625,NA
135,0.044490065425634384,2.25e-06,0.671875,NA
136,0.05276966094970703,2.266666666666667e-06,0.609375,NA
137,0.05044979974627495,2.2833333333333336e-06,0.59375,NA
138,0.04389497637748718,2.3000000000000004e-06,0.65625,NA
139,0.04423891380429268,2.316666666666667e-06,0.6875,NA
140,0.03197286278009415,2.3333333333333336e-06,0.75,NA
141,0.0477670393884182,2.35e-06,0.640625,NA
142,0.04018309339880943,2.3666666666666667e-06,0.640625,NA
143,0.038803424686193466,2.3833333333333335e-06,0.75,NA
144,0.04947606474161148,2.4000000000000003e-06,0.578125,NA
145,0.031297605484724045,2.4166666666666667e-06,0.765625,NA
146,0.045163799077272415,2.4333333333333335e-06,0.609375,NA
147,0.041898589581251144,2.4500000000000003e-06,0.640625,NA
148,0.051933176815509796,2.466666666666667e-06,0.625,NA
149,0.04343714192509651,2.483333333333334e-06,0.65625,NA
150,0.03284540772438049,2.5e-06,0.734375,NA
151,0.04904121905565262,2.5166666666666666e-06,0.59375,NA
152,0.04564759507775307,2.5333333333333334e-06,0.609375,NA
153,0.04476335644721985,2.55e-06,0.703125,NA
154,0.0438079796731472,2.566666666666667e-06,0.65625,NA
155,0.034954968839883804,2.5833333333333337e-06,0.765625,NA
156,0.0423002652823925,2.6000000000000005e-06,0.671875,NA
157,0.034107010811567307,2.616666666666667e-06,0.734375,NA
158,0.04566200450062752,2.6333333333333332e-06,0.671875,NA
159,0.053125083446502686,2.65e-06,0.546875,NA
160,0.04778442531824112,2.666666666666667e-06,0.625,NA
161,0.044566188007593155,2.6833333333333336e-06,0.65625,NA
162,0.03923150897026062,2.7000000000000004e-06,0.75,NA
163,0.04244241863489151,2.7166666666666668e-06,0.65625,NA
164,0.03260424733161926,2.7333333333333336e-06,0.796875,NA
165,0.036712646484375,2.7500000000000004e-06,0.671875,NA
166,0.03657154366374016,2.766666666666667e-06,0.734375,NA
167,0.03671376779675484,2.7833333333333335e-06,0.71875,NA
168,0.042145971208810806,2.8000000000000003e-06,0.671875,NA
169,0.04285399243235588,2.8166666666666667e-06,0.65625,NA
170,0.042799681425094604,2.8333333333333335e-06,0.671875,NA
171,0.04130956530570984,2.8500000000000002e-06,0.671875,NA
172,0.028454089537262917,2.866666666666667e-06,0.8125,NA
173,0.04172259569168091,2.883333333333334e-06,0.703125,NA
174,0.03239275887608528,2.9e-06,0.765625,NA
175,0.04648977890610695,2.9166666666666666e-06,0.609375,NA
176,0.05150848627090454,2.9333333333333333e-06,0.5625,NA
177,0.0462273545563221,2.95e-06,0.609375,NA
178,0.04014922305941582,2.966666666666667e-06,0.6875,NA
179,0.04013129696249962,2.9833333333333337e-06,0.71875,NA
180,0.04097360000014305,3e-06,0.6875,NA
181,0.037046995013952255,3.016666666666667e-06,0.703125,NA
182,0.03938283398747444,3.0333333333333337e-06,0.703125,NA
183,0.03997623920440674,3.0500000000000004e-06,0.6875,NA
184,0.036497391760349274,3.066666666666667e-06,0.703125,NA
185,0.04209653288125992,3.0833333333333336e-06,0.65625,NA
186,0.04351953789591789,3.1000000000000004e-06,0.625,NA
187,0.0487239770591259,3.1166666666666668e-06,0.609375,NA
188,0.039543937891721725,3.1333333333333335e-06,0.671875,NA
189,0.04901183769106865,3.1500000000000003e-06,0.640625,NA
190,0.039628829807043076,3.166666666666667e-06,0.71875,NA
191,0.04528983309864998,3.183333333333334e-06,0.65625,NA
192,0.0389019139111042,3.2000000000000003e-06,0.71875,NA
193,0.03746729716658592,3.2166666666666666e-06,0.734375,NA
194,0.042516786605119705,3.2333333333333334e-06,0.703125,NA
195,0.03945981338620186,3.2500000000000002e-06,0.71875,NA
196,0.04009106010198593,3.2666666666666674e-06,0.671875,NA
197,0.04415357857942581,3.2833333333333334e-06,0.640625,NA
198,0.03692036494612694,3.3e-06,0.6875,NA
199,0.050246965140104294,3.3166666666666665e-06,0.609375,NA
200,0.03899574279785156,3.3333333333333333e-06,0.703125,0.6646
201,0.05264836549758911,3.35e-06,0.546875,NA
202,0.04371943697333336,3.366666666666667e-06,0.671875,NA
203,0.030552083626389503,3.3833333333333337e-06,0.75,NA
204,0.04383813962340355,3.4e-06,0.625,NA
205,0.04409202188253403,3.416666666666667e-06,0.640625,NA
206,0.03866605833172798,3.4333333333333336e-06,0.71875,NA
207,0.039203982800245285,3.4500000000000004e-06,0.71875,NA
208,0.044930364936590195,3.4666666666666672e-06,0.640625,NA
209,0.04801616817712784,3.483333333333334e-06,0.578125,NA
210,0.03487488254904747,3.5000000000000004e-06,0.71875,NA
211,0.04312936216592789,3.516666666666667e-06,0.671875,NA
212,0.04425380751490593,3.533333333333334e-06,0.65625,NA
213,0.046860404312610626,3.5500000000000007e-06,0.59375,NA
214,0.04243303835391998,3.5666666666666667e-06,0.703125,NA
215,0.044083986431360245,3.5833333333333335e-06,0.625,NA
216,0.03246467933058739,3.6e-06,0.796875,NA
217,0.0401318296790123,3.6166666666666666e-06,0.6875,NA
218,0.03268451616168022,3.6333333333333334e-06,0.75,NA
219,0.03818897157907486,3.65e-06,0.71875,NA
220,0.03788736090064049,3.666666666666667e-06,0.703125,NA
221,0.043498944491147995,3.6833333333333338e-06,0.65625,NA
222,0.04020101577043533,3.7e-06,0.71875,NA
223,0.052886106073856354,3.716666666666667e-06,0.546875,NA
224,0.04555545374751091,3.7333333333333337e-06,0.640625,NA
225,0.03187242150306702,3.7500000000000005e-06,0.734375,NA
226,0.0451355017721653,3.7666666666666673e-06,0.625,NA
227,0.03631481155753136,3.7833333333333337e-06,0.71875,NA
228,0.038470204919576645,3.8000000000000005e-06,0.71875,NA
229,0.038466885685920715,3.816666666666668e-06,0.71875,NA
230,0.04894449561834335,3.833333333333334e-06,0.546875,NA
231,0.04014508053660393,3.8499999999999996e-06,0.65625,NA
232,0.04770217463374138,3.866666666666666e-06,0.609375,NA
233,0.04585875943303108,3.883333333333333e-06,0.609375,NA
234,0.03473846614360809,3.9e-06,0.71875,NA
235,0.03417060896754265,3.916666666666667e-06,0.734375,NA
236,0.04330294951796532,3.9333333333333335e-06,0.6875,NA
237,0.04514122009277344,3.95e-06,0.65625,NA
238,0.045186810195446014,3.966666666666667e-06,0.59375,NA
239,0.030617142096161842,3.983333333333334e-06,0.765625,NA
240,0.04105960577726364,4.000000000000001e-06,0.671875,NA
241,0.03123306669294834,4.0166666666666675e-06,0.828125,NA
242,0.03366880863904953,4.033333333333333e-06,0.75,NA
243,0.047405924648046494,4.05e-06,0.625,NA
244,0.03520186245441437,4.066666666666667e-06,0.71875,NA
245,0.044285792857408524,4.083333333333334e-06,0.640625,NA
246,0.04053157567977905,4.1000000000000006e-06,0.703125,NA
247,0.047741394490003586,4.116666666666667e-06,0.625,NA
248,0.03956518694758415,4.133333333333333e-06,0.765625,NA
249,0.04562469571828842,4.15e-06,0.625,NA
250,0.03727018088102341,4.166666666666667e-06,0.671875,NA
251,0.04656107351183891,4.183333333333334e-06,0.609375,NA
252,0.03959000110626221,4.2000000000000004e-06,0.6875,NA
253,0.038974057883024216,4.216666666666667e-06,0.703125,NA
254,0.05094652250409126,4.233333333333333e-06,0.59375,NA
255,0.03887185826897621,4.25e-06,0.703125,NA
256,0.046142589300870895,4.266666666666667e-06,0.609375,NA
257,0.032326530665159225,4.2833333333333335e-06,0.796875,NA
258,0.050115931779146194,4.3e-06,0.5625,NA
259,0.03293127939105034,4.316666666666667e-06,0.75,NA
260,0.03358106315135956,4.333333333333334e-06,0.75,NA
261,0.052036385983228683,4.350000000000001e-06,0.59375,NA
262,0.0482042022049427,4.3666666666666675e-06,0.609375,NA
263,0.048622410744428635,4.383333333333334e-06,0.640625,NA
264,0.04548155143857002,4.400000000000001e-06,0.625,NA
265,0.041837383061647415,4.416666666666667e-06,0.65625,NA
266,0.04956217482686043,4.433333333333334e-06,0.578125,NA
267,0.04116995260119438,4.45e-06,0.71875,NA
268,0.04562631621956825,4.4666666666666665e-06,0.640625,NA
269,0.047549258917570114,4.483333333333333e-06,0.625,NA
270,0.04434327408671379,4.5e-06,0.640625,NA
271,0.027313757687807083,4.516666666666667e-06,0.78125,NA
272,0.038556840270757675,4.533333333333334e-06,0.671875,NA
273,0.045315422117710114,4.5500000000000005e-06,0.65625,NA
274,0.036029137670993805,4.566666666666667e-06,0.734375,NA
275,0.04448791965842247,4.583333333333334e-06,0.6875,NA
276,0.046961862593889236,4.600000000000001e-06,0.65625,NA
277,0.03907160460948944,4.616666666666667e-06,0.734375,NA
278,0.03451162576675415,4.633333333333334e-06,0.75,NA
279,0.029466107487678528,4.65e-06,0.78125,NA
280,0.04532216861844063,4.666666666666667e-06,0.640625,NA
281,0.027430197224020958,4.683333333333334e-06,0.796875,NA
282,0.04455655813217163,4.7e-06,0.671875,NA
283,0.041916172951459885,4.716666666666667e-06,0.625,NA
284,0.04578138515353203,4.7333333333333335e-06,0.640625,NA
285,0.04244789481163025,4.75e-06,0.703125,NA
286,0.035583943128585815,4.766666666666667e-06,0.703125,NA
287,0.026959089562296867,4.783333333333334e-06,0.84375,NA
288,0.04264870285987854,4.800000000000001e-06,0.734375,NA
289,0.04061641916632652,4.816666666666667e-06,0.6875,NA
290,0.035763293504714966,4.833333333333333e-06,0.6875,NA
291,0.03405187651515007,4.85e-06,0.71875,NA
292,0.03739994764328003,4.866666666666667e-06,0.71875,NA
293,0.043950047343969345,4.883333333333334e-06,0.640625,NA
294,0.043378401547670364,4.9000000000000005e-06,0.625,NA
295,0.03629961237311363,4.916666666666667e-06,0.703125,NA
296,0.033447783440351486,4.933333333333334e-06,0.765625,NA
297,0.03783925250172615,4.950000000000001e-06,0.671875,NA
298,0.037769436836242676,4.966666666666668e-06,0.71875,NA
299,0.03889400139451027,4.983333333333334e-06,0.703125,NA
300,0.036784958094358444,5e-06,0.6875,0.6704
301,0.04360777512192726,5.016666666666667e-06,0.625,NA
302,0.03939880058169365,5.033333333333333e-06,0.6875,NA
303,0.03707228973507881,5.05e-06,0.71875,NA
304,0.03047398291528225,5.066666666666667e-06,0.75,NA
305,0.040574297308921814,5.0833333333333335e-06,0.65625,NA
306,0.051254451274871826,5.1e-06,0.515625,NA
307,0.03804534673690796,5.116666666666667e-06,0.71875,NA
308,0.03856848552823067,5.133333333333334e-06,0.6875,NA
309,0.04803695157170296,5.150000000000001e-06,0.59375,NA
310,0.04009870067238808,5.1666666666666675e-06,0.71875,NA
311,0.04090728238224983,5.183333333333334e-06,0.703125,NA
312,0.041032955050468445,5.200000000000001e-06,0.6875,NA
313,0.05110732838511467,5.216666666666667e-06,0.578125,NA
314,0.043082889169454575,5.233333333333334e-06,0.6875,NA
315,0.035624779760837555,5.2500000000000006e-06,0.703125,NA
316,0.03513134643435478,5.2666666666666665e-06,0.78125,NA
317,0.04001966863870621,5.283333333333333e-06,0.71875,NA
318,0.04874179884791374,5.3e-06,0.640625,NA
319,0.05104365572333336,5.316666666666667e-06,0.578125,NA
320,0.04394438490271568,5.333333333333334e-06,0.671875,NA
321,0.026387978345155716,5.3500000000000004e-06,0.796875,NA
322,0.0404956117272377,5.366666666666667e-06,0.640625,NA
323,0.04240100085735321,5.383333333333334e-06,0.640625,NA
324,0.04685012623667717,5.400000000000001e-06,0.59375,NA
325,0.04844759404659271,5.416666666666667e-06,0.625,NA
326,0.03686806932091713,5.4333333333333335e-06,0.671875,NA
327,0.04317263886332512,5.45e-06,0.71875,NA
328,0.05147750303149223,5.466666666666667e-06,0.59375,NA
329,0.039344292134046555,5.483333333333334e-06,0.671875,NA
330,0.03916681930422783,5.500000000000001e-06,0.734375,NA
331,0.03590884432196617,5.5166666666666675e-06,0.71875,NA
332,0.040885161608457565,5.533333333333334e-06,0.6875,NA
333,0.04110531881451607,5.55e-06,0.671875,NA
334,0.03261851891875267,5.566666666666667e-06,0.734375,NA
335,0.03161332756280899,5.583333333333334e-06,0.734375,NA
336,0.04381237551569939,5.600000000000001e-06,0.65625,NA
337,0.04645898565649986,5.6166666666666665e-06,0.625,NA
338,0.03867059946060181,5.633333333333333e-06,0.703125,NA
339,0.04534267261624336,5.65e-06,0.59375,NA
340,0.04883943870663643,5.666666666666667e-06,0.65625,NA
341,0.04629364237189293,5.683333333333334e-06,0.609375,NA
342,0.038010019809007645,5.7000000000000005e-06,0.6875,NA
343,0.04599887877702713,5.716666666666667e-06,0.65625,NA
344,0.04575839638710022,5.733333333333334e-06,0.671875,NA
345,0.041611772030591965,5.750000000000001e-06,0.6875,NA
346,0.04823635146021843,5.766666666666668e-06,0.5625,NA
347,0.03172194957733154,5.7833333333333344e-06,0.78125,NA
348,0.03288622945547104,5.8e-06,0.734375,NA
349,0.04751284047961235,5.816666666666667e-06,0.59375,NA
350,0.03990954905748367,5.833333333333333e-06,0.671875,NA
351,0.03625527024269104,5.85e-06,0.765625,NA
352,0.05191046744585037,5.866666666666667e-06,0.5625,NA
353,0.041189298033714294,5.8833333333333335e-06,0.65625,NA
354,0.04479166492819786,5.9e-06,0.640625,NA
355,0.04253218322992325,5.916666666666667e-06,0.625,NA
356,0.04594848304986954,5.933333333333334e-06,0.65625,NA
357,0.03777146339416504,5.950000000000001e-06,0.703125,NA
358,0.039130810648202896,5.966666666666667e-06,0.734375,NA
359,0.04082762077450752,5.983333333333334e-06,0.671875,NA
360,0.039281558245420456,6e-06,0.71875,NA
361,0.0401822105050087,6.016666666666667e-06,0.71875,NA
362,0.03908320143818855,6.033333333333334e-06,0.703125,NA
363,0.04717341437935829,6.0500000000000005e-06,0.609375,NA
364,0.030943095684051514,6.066666666666667e-06,0.765625,NA
365,0.05058276653289795,6.083333333333334e-06,0.609375,NA
366,0.047698974609375,6.100000000000001e-06,0.578125,NA
367,0.037306006997823715,6.116666666666667e-06,0.71875,NA
368,0.043850816786289215,6.133333333333334e-06,0.640625,NA
369,0.03622961789369583,6.15e-06,0.71875,NA
370,0.04548225924372673,6.166666666666667e-06,0.578125,NA
371,0.03961534425616264,6.183333333333334e-06,0.671875,NA
372,0.03754546865820885,6.200000000000001e-06,0.703125,NA
373,0.03503399342298508,6.216666666666667e-06,0.734375,NA
374,0.0372973196208477,6.2333333333333335e-06,0.6875,NA
375,0.033966537564992905,6.25e-06,0.75,NA
376,0.0429394505918026,6.266666666666667e-06,0.640625,NA
377,0.03197703883051872,6.283333333333334e-06,0.78125,NA
378,0.03586907312273979,6.300000000000001e-06,0.734375,NA
379,0.03496542572975159,6.3166666666666675e-06,0.71875,NA
380,0.03967765346169472,6.333333333333334e-06,0.703125,NA
381,0.037582557648420334,6.350000000000001e-06,0.71875,NA
382,0.041107483208179474,6.366666666666668e-06,0.640625,NA
383,0.04132186993956566,6.383333333333334e-06,0.6875,NA
384,0.046958569437265396,6.4000000000000006e-06,0.5625,NA
385,0.0427880696952343,6.4166666666666665e-06,0.65625,NA
386,0.04568292945623398,6.433333333333333e-06,0.640625,NA
387,0.033677127212285995,6.45e-06,0.703125,NA
388,0.05045844987034798,6.466666666666667e-06,0.546875,NA
389,0.03850403428077698,6.483333333333334e-06,0.65625,NA
390,0.030751854181289673,6.5000000000000004e-06,0.8125,NA
391,0.03802214935421944,6.516666666666667e-06,0.71875,NA
392,0.04163971170783043,6.533333333333335e-06,0.640625,NA
393,0.02632809244096279,6.550000000000001e-06,0.796875,NA
394,0.04308970272541046,6.566666666666667e-06,0.640625,NA
395,0.03015630878508091,6.583333333333334e-06,0.71875,NA
396,0.042654842138290405,6.6e-06,0.625,NA
397,0.043450918048620224,6.616666666666667e-06,0.6875,NA
398,0.04374546557664871,6.633333333333333e-06,0.703125,NA
399,0.038433246314525604,6.650000000000001e-06,0.671875,NA
400,0.03612818196415901,6.666666666666667e-06,0.71875,0.6808
401,0.03869054093956947,6.683333333333334e-06,0.6875,NA
402,0.04028283432126045,6.7e-06,0.703125,NA
403,0.04722516983747482,6.716666666666668e-06,0.59375,NA
404,0.04341479390859604,6.733333333333334e-06,0.671875,NA
405,0.042190056294202805,6.7500000000000014e-06,0.6875,NA
406,0.048037510365247726,6.766666666666667e-06,0.625,NA
407,0.04098851978778839,6.783333333333334e-06,0.671875,NA
408,0.03637458384037018,6.8e-06,0.71875,NA
409,0.03529205918312073,6.816666666666668e-06,0.71875,NA
410,0.03203621506690979,6.833333333333334e-06,0.765625,NA
411,0.033906593918800354,6.85e-06,0.71875,NA
412,0.039122529327869415,6.866666666666667e-06,0.6875,NA
413,0.030953770503401756,6.883333333333333e-06,0.734375,NA
414,0.029809707775712013,6.900000000000001e-06,0.765625,NA
415,0.031951796263456345,6.916666666666667e-06,0.765625,NA
416,0.04717595502734184,6.9333333333333344e-06,0.65625,NA
417,0.04542553052306175,6.95e-06,0.671875,NA
418,0.049765147268772125,6.966666666666668e-06,0.59375,NA
419,0.04344887286424637,6.983333333333334e-06,0.640625,NA
420,0.03912067785859108,7.000000000000001e-06,0.6875,NA
421,0.03576153144240379,7.016666666666667e-06,0.6875,NA
422,0.04434571415185928,7.033333333333334e-06,0.609375,NA
423,0.03862155228853226,7.05e-06,0.6875,NA
424,0.04353957250714302,7.066666666666668e-06,0.640625,NA
425,0.04493015632033348,7.083333333333334e-06,0.609375,NA
426,0.03608023747801781,7.1000000000000015e-06,0.734375,NA
427,0.03221559524536133,7.116666666666667e-06,0.75,NA
428,0.03300008177757263,7.133333333333333e-06,0.75,NA
429,0.038210250437259674,7.150000000000001e-06,0.703125,NA
430,0.03229920193552971,7.166666666666667e-06,0.765625,NA
431,0.053033482283353806,7.183333333333334e-06,0.609375,NA
432,0.04354051873087883,7.2e-06,0.671875,NA
433,0.04439093545079231,7.216666666666667e-06,0.640625,NA
434,0.03995772823691368,7.233333333333333e-06,0.703125,NA
435,0.045687511563301086,7.250000000000001e-06,0.625,NA
436,0.0499471053481102,7.266666666666667e-06,0.59375,NA
437,0.04240363836288452,7.2833333333333345e-06,0.640625,NA
438,0.04191553220152855,7.3e-06,0.671875,NA
439,0.03854861482977867,7.316666666666668e-06,0.703125,NA
440,0.036793261766433716,7.333333333333334e-06,0.671875,NA
441,0.043830160051584244,7.350000000000002e-06,0.640625,NA
442,0.030477380380034447,7.3666666666666676e-06,0.765625,NA
443,0.0453629307448864,7.383333333333334e-06,0.71875,NA
444,0.029217833653092384,7.4e-06,0.78125,NA
445,0.024636557325720787,7.416666666666666e-06,0.8125,NA
446,0.04368951544165611,7.433333333333334e-06,0.671875,NA
447,0.03963550552725792,7.45e-06,0.640625,NA
448,0.038349952548742294,7.4666666666666675e-06,0.671875,NA
449,0.03925446793437004,7.483333333333333e-06,0.671875,NA
450,0.04292142018675804,7.500000000000001e-06,0.640625,NA
451,0.04002179205417633,7.516666666666667e-06,0.6875,NA
452,0.040747277438640594,7.533333333333335e-06,0.703125,NA
453,0.02863755263388157,7.5500000000000006e-06,0.78125,NA
454,0.04700407385826111,7.566666666666667e-06,0.609375,NA
455,0.0365418940782547,7.583333333333333e-06,0.71875,NA
456,0.0372750349342823,7.600000000000001e-06,0.734375,NA
457,0.043501805514097214,7.616666666666667e-06,0.65625,NA
458,0.03070020116865635,7.633333333333335e-06,0.765625,NA
459,0.03380138799548149,7.650000000000001e-06,0.75,NA
460,0.039358627051115036,7.666666666666667e-06,0.71875,NA
461,0.04742899164557457,7.683333333333333e-06,0.640625,NA
462,0.04238792136311531,7.699999999999999e-06,0.640625,NA
463,0.03823365643620491,7.716666666666667e-06,0.71875,NA
464,0.03987613692879677,7.733333333333333e-06,0.671875,NA
465,0.037508249282836914,7.75e-06,0.703125,NA
466,0.03067534603178501,7.766666666666666e-06,0.78125,NA
467,0.034514546394348145,7.783333333333334e-06,0.765625,NA
468,0.04292553663253784,7.8e-06,0.671875,NA
469,0.04827941209077835,7.816666666666667e-06,0.625,NA
470,0.0457666777074337,7.833333333333333e-06,0.609375,NA
471,0.03737258166074753,7.850000000000001e-06,0.75,NA
472,0.044466979801654816,7.866666666666667e-06,0.671875,NA
473,0.043192218989133835,7.883333333333335e-06,0.671875,NA
474,0.04658454656600952,7.9e-06,0.609375,NA
475,0.026711750775575638,7.916666666666668e-06,0.84375,NA
476,0.040145132690668106,7.933333333333334e-06,0.703125,NA
477,0.04495588690042496,7.950000000000002e-06,0.65625,NA
478,0.029841676354408264,7.966666666666668e-06,0.78125,NA
479,0.04272666200995445,7.983333333333334e-06,0.640625,NA
480,0.03346657007932663,8.000000000000001e-06,0.734375,NA
481,0.04463344067335129,8.016666666666667e-06,0.59375,NA
482,0.03307390958070755,8.033333333333335e-06,0.734375,NA
483,0.03767260164022446,8.050000000000001e-06,0.71875,NA
484,0.04057439789175987,8.066666666666667e-06,0.640625,NA
485,0.028337543830275536,8.083333333333333e-06,0.84375,NA
486,0.04095632582902908,8.1e-06,0.703125,NA
487,0.02838626503944397,8.116666666666666e-06,0.78125,NA
488,0.046705421060323715,8.133333333333334e-06,0.671875,NA
489,0.04474159702658653,8.15e-06,0.640625,NA
490,0.045500315725803375,8.166666666666668e-06,0.65625,NA
491,0.03304789587855339,8.183333333333333e-06,0.71875,NA
492,0.03777022659778595,8.200000000000001e-06,0.71875,NA
493,0.045305706560611725,8.216666666666667e-06,0.703125,NA
494,0.03588312491774559,8.233333333333335e-06,0.75,NA
495,0.03482590988278389,8.25e-06,0.703125,NA
496,0.03844447433948517,8.266666666666667e-06,0.734375,NA
497,0.046889495104551315,8.283333333333334e-06,0.640625,NA
498,0.0468263141810894,8.3e-06,0.640625,NA
499,0.03345265984535217,8.316666666666668e-06,0.765625,NA
500,0.03835354000329971,8.333333333333334e-06,0.703125,0.6984
501,0.04354965314269066,8.350000000000001e-06,0.640625,NA
502,0.03613854572176933,8.366666666666667e-06,0.703125,NA
503,0.04102347791194916,8.383333333333335e-06,0.671875,NA
504,0.03875182196497917,8.400000000000001e-06,0.6875,NA
505,0.045945871621370316,8.416666666666669e-06,0.609375,NA
506,0.03759584575891495,8.433333333333334e-06,0.71875,NA
507,0.03324403241276741,8.45e-06,0.75,NA
508,0.03265172615647316,8.466666666666666e-06,0.765625,NA
509,0.04573318362236023,8.483333333333334e-06,0.640625,NA
510,0.0415121428668499,8.5e-06,0.6875,NA
511,0.04450616613030434,8.516666666666668e-06,0.640625,NA
512,0.030502596870064735,8.533333333333334e-06,0.75,NA
513,0.048700448125600815,8.55e-06,0.625,NA
514,0.04275702312588692,8.566666666666667e-06,0.625,NA
515,0.04093577340245247,8.583333333333333e-06,0.6875,NA
516,0.038384806364774704,8.6e-06,0.65625,NA
517,0.025701332837343216,8.616666666666667e-06,0.8125,NA
518,0.03368633985519409,8.633333333333334e-06,0.71875,NA
519,0.044343579560518265,8.65e-06,0.671875,NA
520,0.04214642941951752,8.666666666666668e-06,0.671875,NA
521,0.045771073549985886,8.683333333333334e-06,0.609375,NA
522,0.03752300143241882,8.700000000000001e-06,0.71875,NA
523,0.027704313397407532,8.716666666666667e-06,0.8125,NA
524,0.035572588443756104,8.733333333333335e-06,0.734375,NA
525,0.04282313585281372,8.750000000000001e-06,0.640625,NA
526,0.04407612606883049,8.766666666666669e-06,0.6875,NA
527,0.04484180361032486,8.783333333333335e-06,0.65625,NA
528,0.03874405845999718,8.800000000000002e-06,0.65625,NA
529,0.04100687429308891,8.816666666666668e-06,0.6875,NA
530,0.03842317685484886,8.833333333333334e-06,0.71875,NA
531,0.04188617691397667,8.85e-06,0.703125,NA
532,0.03230800852179527,8.866666666666668e-06,0.78125,NA
533,0.031867194920778275,8.883333333333334e-06,0.75,NA
534,0.03852267190814018,8.9e-06,0.734375,NA
535,0.0413147434592247,8.916666666666667e-06,0.640625,NA
536,0.045641519129276276,8.933333333333333e-06,0.640625,NA
537,0.034345805644989014,8.95e-06,0.75,NA
538,0.029934292659163475,8.966666666666667e-06,0.765625,NA
539,0.03656572476029396,8.983333333333334e-06,0.6875,NA
540,0.03652239590883255,9e-06,0.75,NA
541,0.036739226430654526,9.016666666666668e-06,0.71875,NA
542,0.02980046346783638,9.033333333333334e-06,0.71875,NA
543,0.024125076830387115,9.050000000000001e-06,0.765625,NA
544,0.03617579862475395,9.066666666666667e-06,0.75,NA
545,0.037778306752443314,9.083333333333335e-06,0.703125,NA
546,0.035375386476516724,9.100000000000001e-06,0.734375,NA
547,0.02298380807042122,9.116666666666667e-06,0.875,NA
548,0.033208537846803665,9.133333333333335e-06,0.75,NA
549,0.033962711691856384,9.15e-06,0.734375,NA
550,0.03192407265305519,9.166666666666668e-06,0.75,NA
551,0.028220772743225098,9.183333333333334e-06,0.8125,NA
552,0.042906392365694046,9.200000000000002e-06,0.6875,NA
553,0.038908082991838455,9.216666666666668e-06,0.65625,NA
554,0.024684447795152664,9.233333333333334e-06,0.8125,NA
555,0.03397200256586075,9.250000000000001e-06,0.765625,NA
556,0.03276245296001434,9.266666666666667e-06,0.765625,NA
557,0.04621267318725586,9.283333333333333e-06,0.640625,NA
558,0.04270266741514206,9.3e-06,0.59375,NA
559,0.04071137681603432,9.316666666666667e-06,0.6875,NA
560,0.036332108080387115,9.333333333333334e-06,0.71875,NA
561,0.040993910282850266,9.35e-06,0.65625,NA
562,0.04619216173887253,9.366666666666668e-06,0.609375,NA
563,0.03873300179839134,9.383333333333334e-06,0.734375,NA
564,0.03135007247328758,9.4e-06,0.734375,NA
565,0.03730270266532898,9.416666666666667e-06,0.734375,NA
566,0.037017446011304855,9.433333333333333e-06,0.6875,NA
567,0.043227195739746094,9.450000000000001e-06,0.6875,NA
568,0.027807435020804405,9.466666666666667e-06,0.78125,NA
569,0.03985326364636421,9.483333333333335e-06,0.703125,NA
570,0.03901283070445061,9.5e-06,0.65625,NA
571,0.04349973425269127,9.516666666666668e-06,0.625,NA
572,0.0450226366519928,9.533333333333334e-06,0.640625,NA
573,0.032097674906253815,9.550000000000002e-06,0.78125,NA
574,0.0361100435256958,9.566666666666668e-06,0.734375,NA
575,0.03823338821530342,9.583333333333335e-06,0.640625,NA
576,0.04523702338337898,9.600000000000001e-06,0.703125,NA
577,0.03224392607808113,9.616666666666667e-06,0.734375,NA
578,0.040182143449783325,9.633333333333335e-06,0.703125,NA
579,0.029989412054419518,9.65e-06,0.8125,NA
580,0.029266614466905594,9.666666666666667e-06,0.796875,NA
581,0.0402931272983551,9.683333333333333e-06,0.6875,NA
582,0.03700963035225868,9.7e-06,0.671875,NA
583,0.028497809544205666,9.716666666666666e-06,0.8125,NA
584,0.03830980882048607,9.733333333333334e-06,0.671875,NA
585,0.03407685086131096,9.75e-06,0.71875,NA
586,0.04617119953036308,9.766666666666667e-06,0.640625,NA
587,0.027717936784029007,9.783333333333333e-06,0.765625,NA
588,0.03305872902274132,9.800000000000001e-06,0.75,NA
589,0.042685315012931824,9.816666666666667e-06,0.671875,NA
590,0.03633927181363106,9.833333333333335e-06,0.734375,NA
591,0.05034158378839493,9.85e-06,0.609375,NA
592,0.0400318019092083,9.866666666666668e-06,0.703125,NA
593,0.038320161402225494,9.883333333333334e-06,0.6875,NA
594,0.03001457452774048,9.900000000000002e-06,0.8125,NA
595,0.04701385274529457,9.916666666666668e-06,0.625,NA
596,0.035811424255371094,9.933333333333335e-06,0.703125,NA
597,0.03412656858563423,9.950000000000001e-06,0.765625,NA
598,0.03633848950266838,9.966666666666667e-06,0.765625,NA
599,0.03530462831258774,9.983333333333335e-06,0.734375,NA
600,0.041929349303245544,1e-05,0.703125,0.7191
601,0.035769227892160416,1e-05,0.71875,NA
602,0.04297977313399315,9.999999153840526e-06,0.65625,NA
603,0.051340121775865555,9.999996615362385e-06,0.578125,NA
604,0.047871433198451996,9.99999238456644e-06,0.671875,NA
605,0.03289676830172539,9.99998646145412e-06,0.703125,NA
606,0.02445572055876255,9.999978846027432e-06,0.796875,NA
607,0.03471995145082474,9.999969538288953e-06,0.703125,NA
608,0.035251449793577194,9.999958538241832e-06,0.734375,NA
609,0.03504293039441109,9.999945845889795e-06,0.734375,NA
610,0.032922521233558655,9.999931461237135e-06,0.765625,NA
611,0.04485524818301201,9.999915384288723e-06,0.609375,NA
612,0.03239057585597038,9.999897615049997e-06,0.75,NA
613,0.032756198197603226,9.999878153526974e-06,0.734375,NA
614,0.03214223310351372,9.999856999726244e-06,0.78125,NA
615,0.04873792454600334,9.99983415365496e-06,0.65625,NA
616,0.04357803612947464,9.999809615320857e-06,0.671875,NA
617,0.03651473671197891,9.999783384732242e-06,0.75,NA
618,0.05138876661658287,9.999755461897993e-06,0.65625,NA
619,0.03306436166167259,9.999725846827562e-06,0.75,NA
620,0.02481975220143795,9.999694539530968e-06,0.8125,NA
621,0.0423852764070034,9.999661540018812e-06,0.640625,NA
622,0.04029697924852371,9.999626848302261e-06,0.71875,NA
623,0.03456185385584831,9.999590464393056e-06,0.75,NA
624,0.032947838306427,9.999552388303515e-06,0.734375,NA
625,0.037180397659540176,9.999512620046523e-06,0.703125,NA
626,0.04333275556564331,9.999471159635538e-06,0.703125,NA
627,0.02832827903330326,9.999428007084597e-06,0.765625,NA
628,0.03146233782172203,9.999383162408303e-06,0.75,NA
629,0.039542652666568756,9.999336625621836e-06,0.671875,NA
630,0.03451986238360405,9.999288396740947e-06,0.703125,NA
631,0.04132809117436409,9.999238475781957e-06,0.71875,NA
632,0.029201466590166092,9.999186862761765e-06,0.796875,NA
633,0.025472527369856834,9.99913355769784e-06,0.796875,NA
634,0.03739890828728676,9.999078560608221e-06,0.75,NA
635,0.03610944375395775,9.999021871511528e-06,0.671875,NA
636,0.03799457103013992,9.998963490426943e-06,0.6875,NA
637,0.030052298679947853,9.998903417374228e-06,0.75,NA
638,0.04419752582907677,9.998841652373716e-06,0.671875,NA
639,0.04185628890991211,9.998778195446311e-06,0.6875,NA
640,0.03622366115450859,9.998713046613492e-06,0.75,NA
641,0.0344860777258873,9.99864620589731e-06,0.765625,NA
642,0.033940184861421585,9.998577673320386e-06,0.71875,NA
643,0.04296932741999626,9.998507448905917e-06,0.671875,NA
644,0.0346924364566803,9.99843553267767e-06,0.75,NA
645,0.030421195551753044,9.998361924659989e-06,0.78125,NA
646,0.030649323016405106,9.998286624877786e-06,0.765625,NA
647,0.04019725322723389,9.998209633356548e-06,0.671875,NA
648,0.04337337613105774,9.998130950122333e-06,0.671875,NA
649,0.03774775564670563,9.998050575201772e-06,0.71875,NA
650,0.04377777501940727,9.99796850862207e-06,0.671875,NA
651,0.031031271442770958,9.997884750411004e-06,0.78125,NA
652,0.026142308488488197,9.997799300596921e-06,0.84375,NA
653,0.04111909493803978,9.997712159208745e-06,0.65625,NA
654,0.03376990556716919,9.997623326275968e-06,0.796875,NA
655,0.03541455790400505,9.997532801828659e-06,0.703125,NA
656,0.03230571746826172,9.997440585897455e-06,0.78125,NA
657,0.0261844452470541,9.99734667851357e-06,0.796875,NA
658,0.0338142067193985,9.997251079708788e-06,0.734375,NA
659,0.04328267648816109,9.997153789515462e-06,0.625,NA
660,0.027540383860468864,9.997054807966526e-06,0.796875,NA
661,0.03128182888031006,9.99695413509548e-06,0.78125,NA
662,0.046327222138643265,9.996851770936398e-06,0.640625,NA
663,0.02645803987979889,9.996747715523925e-06,0.8125,NA
664,0.02646433375775814,9.996641968893281e-06,0.8125,NA
665,0.04151309281587601,9.99653453108026e-06,0.6875,NA
666,0.03572913631796837,9.996425402121224e-06,0.6875,NA
667,0.036301370710134506,9.996314582053106e-06,0.765625,NA
668,0.03193379566073418,9.99620207091342e-06,0.734375,NA
669,0.030663860961794853,9.996087868740244e-06,0.765625,NA
670,0.03913697227835655,9.995971975572231e-06,0.671875,NA
671,0.026133570820093155,9.995854391448607e-06,0.8125,NA
672,0.03004363179206848,9.995735116409172e-06,0.765625,NA
673,0.032509952783584595,9.995614150494293e-06,0.78125,NA
674,0.022383296862244606,9.995491493744914e-06,0.84375,NA
675,0.02984265796840191,9.995367146202551e-06,0.75,NA
676,0.03219054266810417,9.99524110790929e-06,0.734375,NA
677,0.032771140336990356,9.995113378907791e-06,0.71875,NA
678,0.03912995755672455,9.994983959241284e-06,0.734375,NA
679,0.03699122741818428,9.994852848953574e-06,0.703125,NA
680,0.035334181040525436,9.994720048089038e-06,0.765625,NA
681,0.04223364219069481,9.994585556692624e-06,0.65625,NA
682,0.02792642079293728,9.994449374809851e-06,0.828125,NA
683,0.042598411440849304,9.994311502486812e-06,0.671875,NA
684,0.03740747645497322,9.994171939770174e-06,0.71875,NA
685,0.03913591429591179,9.994030686707171e-06,0.703125,NA
686,0.0328381322324276,9.993887743345613e-06,0.75,NA
687,0.040341343730688095,9.993743109733882e-06,0.671875,NA
688,0.03973888233304024,9.993596785920932e-06,0.671875,NA
689,0.05060446262359619,9.993448771956285e-06,0.609375,NA
690,0.0414317287504673,9.993299067890042e-06,0.65625,NA
691,0.02267424948513508,9.993147673772869e-06,0.875,NA
692,0.04290184751152992,9.99299458965601e-06,0.640625,NA
693,0.027683615684509277,9.99283981559128e-06,0.796875,NA
694,0.02965293638408184,9.99268335163106e-06,0.796875,NA
695,0.0429757796227932,9.992525197828309e-06,0.734375,NA
696,0.03642333671450615,9.992365354236557e-06,0.71875,NA
697,0.04226493835449219,9.992203820909906e-06,0.6875,NA
698,0.03246498852968216,9.992040597903027e-06,0.734375,NA
699,0.03247768431901932,9.991875685271167e-06,0.78125,NA
700,0.03952872380614281,9.991709083070143e-06,0.71875,0.7364
701,0.03188465163111687,9.991540791356342e-06,0.765625,NA
702,0.029635176062583923,9.991370810186726e-06,0.75,NA
703,0.05455702170729637,9.991199139618828e-06,0.59375,NA
704,0.04187455400824547,9.99102577971075e-06,0.6875,NA
705,0.02907516621053219,9.99085073052117e-06,0.796875,NA
706,0.038149163126945496,9.990673992109335e-06,0.6875,NA
707,0.030886653810739517,9.990495564535066e-06,0.734375,NA
708,0.031449515372514725,9.990315447858753e-06,0.78125,NA
709,0.033839043229818344,9.990133642141359e-06,0.75,NA
710,0.03720923885703087,9.989950147444418e-06,0.71875,NA
711,0.03407754376530647,9.989764963830038e-06,0.703125,NA
712,0.03375852853059769,9.989578091360896e-06,0.734375,NA
713,0.038527388125658035,9.989389530100242e-06,0.671875,NA
714,0.03642936423420906,9.989199280111895e-06,0.71875,NA
715,0.038184478878974915,9.989007341460251e-06,0.671875,NA
716,0.03023194707930088,9.988813714210272e-06,0.765625,NA
717,0.04966484755277634,9.988618398427495e-06,0.671875,NA
718,0.03432542458176613,9.988421394178027e-06,0.75,NA
719,0.03442851081490517,9.988222701528547e-06,0.75,NA
720,0.031225193291902542,9.988022320546305e-06,0.78125,NA
721,0.03747807815670967,9.987820251299121e-06,0.6875,NA
722,0.039855699986219406,9.987616493855392e-06,0.734375,NA
723,0.03473697230219841,9.987411048284078e-06,0.71875,NA
724,0.02945653162896633,9.987203914654721e-06,0.8125,NA
725,0.025495273992419243,9.986995093037422e-06,0.8125,NA
726,0.03574971482157707,9.986784583502863e-06,0.671875,NA
727,0.03235509246587753,9.98657238612229e-06,0.75,NA
728,0.037803541868925095,9.98635850096753e-06,0.734375,NA
729,0.030375255271792412,9.986142928110972e-06,0.78125,NA
730,0.030838867649435997,9.985925667625581e-06,0.765625,NA
731,0.02820635214447975,9.985706719584888e-06,0.78125,NA
732,0.03758808597922325,9.985486084063003e-06,0.71875,NA
733,0.038506537675857544,9.985263761134602e-06,0.671875,NA
734,0.040990155190229416,9.985039750874933e-06,0.734375,NA
735,0.04245687648653984,9.984814053359816e-06,0.703125,NA
736,0.03681660816073418,9.984586668665641e-06,0.6875,NA
737,0.03940194845199585,9.984357596869369e-06,0.71875,NA
738,0.04080529138445854,9.984126838048534e-06,0.671875,NA
739,0.03783370181918144,9.983894392281237e-06,0.75,NA
740,0.029338305816054344,9.983660259646154e-06,0.734375,NA
741,0.04955795407295227,9.98342444022253e-06,0.578125,NA
742,0.03414200246334076,9.983186934090183e-06,0.703125,NA
743,0.037085190415382385,9.9829477413295e-06,0.71875,NA
744,0.043584030121564865,9.982706862021436e-06,0.65625,NA
745,0.029004687443375587,9.982464296247523e-06,0.78125,NA
746,0.0410749576985836,9.98222004408986e-06,0.71875,NA
747,0.03836849331855774,9.981974105631116e-06,0.671875,NA
748,0.044453710317611694,9.981726480954532e-06,0.6875,NA
749,0.0411774180829525,9.981477170143924e-06,0.65625,NA
750,0.04628428816795349,9.98122617328367e-06,0.640625,NA
751,0.03219635784626007,9.980973490458728e-06,0.765625,NA
752,0.03733861818909645,9.980719121754618e-06,0.734375,NA
753,0.023825975134968758,9.980463067257437e-06,0.84375,NA
754,0.036872271448373795,9.98020532705385e-06,0.703125,NA
755,0.02573530375957489,9.97994590123109e-06,0.8125,NA
756,0.03956623375415802,9.979684789876965e-06,0.734375,NA
757,0.028904471546411514,9.979421993079853e-06,0.8125,NA
758,0.03375924378633499,9.979157510928698e-06,0.75,NA
759,0.04235289245843887,9.978891343513023e-06,0.65625,NA
760,0.050165850669145584,9.978623490922913e-06,0.5625,NA
761,0.04215561971068382,9.978353953249023e-06,0.640625,NA
762,0.03352118283510208,9.978082730582586e-06,0.734375,NA
763,0.04267128184437752,9.9778098230154e-06,0.671875,NA
764,0.029019365087151527,9.977535230639836e-06,0.8125,NA
765,0.03448500111699104,9.977258953548831e-06,0.78125,NA
766,0.019603313878178596,9.976980991835896e-06,0.890625,NA
767,0.031204331666231155,9.976701345595109e-06,0.8125,NA
768,0.03644772619009018,9.976420014921122e-06,0.734375,NA
769,0.039469849318265915,9.976136999909156e-06,0.71875,NA
770,0.03502141311764717,9.975852300655001e-06,0.75,NA
771,0.03016616776585579,9.975565917255017e-06,0.75,NA
772,0.030538344755768776,9.975277849806133e-06,0.8125,NA
773,0.03422336280345917,9.97498809840585e-06,0.734375,NA
774,0.03894774243235588,9.974696663152239e-06,0.6875,NA
775,0.03361644595861435,9.974403544143942e-06,0.75,NA
776,0.02913355827331543,9.974108741480167e-06,0.796875,NA
777,0.031731534749269485,9.973812255260692e-06,0.78125,NA
778,0.033049825578927994,9.973514085585871e-06,0.75,NA
779,0.03398388251662254,9.973214232556622e-06,0.78125,NA
780,0.043320901691913605,9.972912696274435e-06,0.6875,NA
781,0.02431465871632099,9.972609476841368e-06,0.828125,NA
782,0.029412103816866875,9.97230457436005e-06,0.75,NA
783,0.03607342392206192,9.971997988933679e-06,0.78125,NA
784,0.022606758400797844,9.971689720666024e-06,0.828125,NA
785,0.0444876030087471,9.971379769661422e-06,0.65625,NA
786,0.035900671035051346,9.971068136024781e-06,0.71875,NA
787,0.03727534040808678,9.970754819861577e-06,0.734375,NA
788,0.03295590355992317,9.970439821277857e-06,0.75,NA
789,0.0278290044516325,9.970123140380237e-06,0.796875,NA
790,0.03602076321840286,9.9698047772759e-06,0.734375,NA
791,0.033943336457014084,9.9694847320726e-06,0.734375,NA
792,0.04513965919613838,9.969163004878664e-06,0.625,NA
793,0.03645164147019386,9.968839595802982e-06,0.734375,NA
794,0.02888854779303074,9.968514504955018e-06,0.78125,NA
795,0.02969200722873211,9.968187732444804e-06,0.8125,NA
796,0.023779867216944695,9.967859278382939e-06,0.828125,NA
797,0.04087067395448685,9.967529142880592e-06,0.65625,NA
798,0.02803206816315651,9.967197326049506e-06,0.8125,NA
799,0.028123388066887856,9.966863828001982e-06,0.765625,NA
800,0.03339862450957298,9.966528648850904e-06,0.796875,0.7473
801,0.0383061058819294,9.966191788709716e-06,0.71875,NA
802,0.026900941506028175,9.965853247692433e-06,0.859375,NA
803,0.03692584112286568,9.965513025913635e-06,0.75,NA
804,0.046019285917282104,9.965171123488479e-06,0.671875,NA
805,0.029235923662781715,9.964827540532685e-06,0.75,NA
806,0.036624372005462646,9.964482277162547e-06,0.734375,NA
807,0.03248824551701546,9.964135333494917e-06,0.75,NA
808,0.04021172598004341,9.963786709647228e-06,0.671875,NA
809,0.04013536497950554,9.963436405737476e-06,0.671875,NA
810,0.03684580698609352,9.963084421884227e-06,0.734375,NA
811,0.03474391624331474,9.962730758206612e-06,0.71875,NA
812,0.03312351182103157,9.962375414824333e-06,0.75,NA
813,0.040009841322898865,9.962018391857665e-06,0.671875,NA
814,0.031458817422389984,9.961659689427444e-06,0.734375,NA
815,0.0443752221763134,9.961299307655078e-06,0.671875,NA
816,0.03333752974867821,9.960937246662546e-06,0.75,NA
817,0.03352651745080948,9.960573506572391e-06,0.765625,NA
818,0.03759893774986267,9.960208087507723e-06,0.71875,NA
819,0.03360353782773018,9.959840989592226e-06,0.71875,NA
820,0.030192334204912186,9.95947221295015e-06,0.78125,NA
821,0.02214157022535801,9.959101757706308e-06,0.8125,NA
822,0.04044120013713837,9.958729623986092e-06,0.6875,NA
823,0.03235432133078575,9.958355811915452e-06,0.78125,NA
824,0.034583866596221924,9.957980321620913e-06,0.71875,NA
825,0.04132116958498955,9.957603153229559e-06,0.6875,NA
826,0.030021443963050842,9.957224306869053e-06,0.765625,NA
827,0.02633439376950264,9.956843782667619e-06,0.78125,NA
828,0.037144072353839874,9.956461580754051e-06,0.71875,NA
829,0.041466932743787766,9.95607770125771e-06,0.703125,NA
830,0.025213634595274925,9.955692144308526e-06,0.84375,NA
831,0.02615288458764553,9.955304910036993e-06,0.765625,NA
832,0.031701911240816116,9.954915998574182e-06,0.765625,NA
833,0.047995638102293015,9.95452541005172e-06,0.65625,NA
834,0.025860637426376343,9.954133144601811e-06,0.78125,NA
835,0.03826732188463211,9.953739202357219e-06,0.671875,NA
836,0.0401277020573616,9.95334358345128e-06,0.671875,NA
837,0.026641828939318657,9.952946288017899e-06,0.828125,NA
838,0.03404521197080612,9.952547316191545e-06,0.75,NA
839,0.031694602221250534,9.952146668107254e-06,0.796875,NA
840,0.03968062624335289,9.951744343900634e-06,0.703125,NA
841,0.04141592979431152,9.951340343707852e-06,0.734375,NA
842,0.03475348278880119,9.950934667665653e-06,0.71875,NA
843,0.045129623264074326,9.95052731591134e-06,0.640625,NA
844,0.03516330569982529,9.95011828858279e-06,0.75,NA
845,0.0425792895257473,9.94970758581844e-06,0.6875,NA
846,0.03794189542531967,9.9492952077573e-06,0.75,NA
847,0.03376657888293266,9.948881154538946e-06,0.75,NA
848,0.031458161771297455,9.94846542630352e-06,0.765625,NA
849,0.032333582639694214,9.948048023191728e-06,0.78125,NA
850,0.04010654613375664,9.947628945344849e-06,0.71875,NA
851,0.028073037043213844,9.947208192904722e-06,0.75,NA
852,0.03347409889101982,9.946785766013763e-06,0.71875,NA
853,0.03295904025435448,9.946361664814942e-06,0.75,NA
854,0.03194836527109146,9.945935889451805e-06,0.78125,NA
855,0.026118436828255653,9.945508440068461e-06,0.84375,NA
856,0.030690575018525124,9.945079316809585e-06,0.78125,NA
857,0.031521108001470566,9.94464851982042e-06,0.765625,NA
858,0.027495605871081352,9.944216049246778e-06,0.828125,NA
859,0.04408837854862213,9.94378190523503e-06,0.71875,NA
860,0.024946320801973343,9.943346087932123e-06,0.828125,NA
861,0.036239441484212875,9.942908597485558e-06,0.703125,NA
862,0.02693072520196438,9.942469434043418e-06,0.796875,NA
863,0.044387202709913254,9.942028597754341e-06,0.65625,NA
864,0.029774827882647514,9.941586088767531e-06,0.765625,NA
865,0.0318293422460556,9.941141907232766e-06,0.78125,NA
866,0.026030316948890686,9.94069605330038e-06,0.8125,NA
867,0.0199540164321661,9.940248527121283e-06,0.890625,NA
868,0.02960868552327156,9.939799328846947e-06,0.8125,NA
869,0.03550606593489647,9.939348458629406e-06,0.734375,NA
870,0.020417556166648865,9.938895916621263e-06,0.875,NA
871,0.03294922038912773,9.938441702975689e-06,0.765625,NA
872,0.02970399521291256,9.937985817846419e-06,0.765625,NA
873,0.03393460065126419,9.937528261387753e-06,0.75,NA
874,0.02700740657746792,9.937069033754558e-06,0.796875,NA
875,0.04192214831709862,9.936608135102264e-06,0.71875,NA
876,0.030135858803987503,9.936145565586871e-06,0.75,NA
877,0.03494540974497795,9.93568132536494e-06,0.734375,NA
878,0.03567373380064964,9.9352154145936e-06,0.734375,NA
879,0.035489797592163086,9.934747833430547e-06,0.765625,NA
880,0.030451610684394836,9.934278582034037e-06,0.765625,NA
881,0.044701144099235535,9.933807660562898e-06,0.6875,NA
882,0.042233604937791824,9.933335069176514e-06,0.65625,NA
883,0.03630153462290764,9.932860808034847e-06,0.6875,NA
884,0.0279815923422575,9.932384877298415e-06,0.765625,NA
885,0.02999502420425415,9.9319072771283e-06,0.765625,NA
886,0.034794360399246216,9.931428007686158e-06,0.734375,NA
887,0.027476275339722633,9.930947069134201e-06,0.78125,NA
888,0.028046173974871635,9.930464461635207e-06,0.8125,NA
889,0.028547847643494606,9.929980185352525e-06,0.75,NA
890,0.03162037208676338,9.929494240450064e-06,0.734375,NA
891,0.027911989018321037,9.929006627092298e-06,0.734375,NA
892,0.03215137496590614,9.92851734544427e-06,0.75,NA
893,0.04999282956123352,9.928026395671577e-06,0.578125,NA
894,0.029790803790092468,9.927533777940395e-06,0.765625,NA
895,0.027234161272644997,9.927039492417452e-06,0.78125,NA
896,0.043845683336257935,9.926543539270048e-06,0.625,NA
897,0.02892349660396576,9.926045918666045e-06,0.796875,NA
898,0.032247886061668396,9.92554663077387e-06,0.78125,NA
899,0.033845555037260056,9.925045675762515e-06,0.71875,NA
900,0.03723547235131264,9.924543053801531e-06,0.734375,0.7546
901,0.03081519342958927,9.924038765061042e-06,0.703125,NA
902,0.04799354076385498,9.923532809711729e-06,0.671875,NA
903,0.03319942206144333,9.923025187924837e-06,0.765625,NA
904,0.0314878486096859,9.922515899872184e-06,0.75,NA
905,0.02684803120791912,9.922004945726142e-06,0.78125,NA
906,0.032679587602615356,9.92149232565965e-06,0.734375,NA
907,0.037640586495399475,9.92097803984621e-06,0.734375,NA
908,0.03038455918431282,9.920462088459893e-06,0.78125,NA
909,0.028621196746826172,9.919944471675328e-06,0.84375,NA
910,0.034762270748615265,9.91942518966771e-06,0.75,NA
911,0.03955216333270073,9.918904242612794e-06,0.6875,NA
912,0.03643468767404556,9.918381630686907e-06,0.734375,NA
913,0.028562430292367935,9.91785735406693e-06,0.78125,NA
914,0.03900287672877312,9.917331412930314e-06,0.6875,NA
915,0.022557822987437248,9.91680380745507e-06,0.8125,NA
916,0.05018860101699829,9.916274537819774e-06,0.59375,NA
917,0.02237926609814167,9.915743604203563e-06,0.828125,NA
918,0.03601501137018204,9.915211006786141e-06,0.734375,NA
919,0.022096391767263412,9.914676745747772e-06,0.84375,NA
920,0.03695836290717125,9.914140821269283e-06,0.703125,NA
921,0.03334466740489006,9.913603233532067e-06,0.71875,NA
922,0.0319414846599102,9.913063982718076e-06,0.765625,NA
923,0.036503326147794724,9.912523069009829e-06,0.75,NA
924,0.0325867235660553,9.911980492590406e-06,0.78125,NA
925,0.0419325977563858,9.911436253643445e-06,0.703125,NA
926,0.03838082775473595,9.910890352353154e-06,0.703125,NA
927,0.03324868157505989,9.910342788904302e-06,0.765625,NA
928,0.029187852516770363,9.90979356348222e-06,0.796875,NA
929,0.03218570724129677,9.909242676272797e-06,0.78125,NA
930,0.042032983154058456,9.908690127462492e-06,0.734375,NA
931,0.036329519003629684,9.908135917238321e-06,0.71875,NA
932,0.03725384548306465,9.907580045787864e-06,0.75,NA
933,0.04013596847653389,9.907022513299264e-06,0.703125,NA
934,0.039823900908231735,9.906463319961225e-06,0.71875,NA
935,0.03130842372775078,9.905902465963016e-06,0.75,NA
936,0.04055149480700493,9.905339951494464e-06,0.703125,NA
937,0.0348830483853817,9.904775776745959e-06,0.734375,NA
938,0.03733125329017639,9.904209941908454e-06,0.6875,NA
939,0.029033828526735306,9.903642447173465e-06,0.8125,NA
940,0.03281955048441887,9.903073292733065e-06,0.71875,NA
941,0.024466771632432938,9.902502478779897e-06,0.84375,NA
942,0.03703497722744942,9.901930005507159e-06,0.703125,NA
943,0.03295586258172989,9.901355873108611e-06,0.75,NA
944,0.03271601349115372,9.900780081778577e-06,0.765625,NA
945,0.03741411492228508,9.90020263171194e-06,0.734375,NA
946,0.0373050831258297,9.899623523104149e-06,0.71875,NA
947,0.03118937276303768,9.899042756151209e-06,0.71875,NA
948,0.027452414855360985,9.89846033104969e-06,0.8125,NA
949,0.034564949572086334,9.89787624799672e-06,0.703125,NA
950,0.026962151750922203,9.897290507189993e-06,0.8125,NA
951,0.035937149077653885,9.896703108827758e-06,0.6875,NA
952,0.03231462836265564,9.89611405310883e-06,0.71875,NA
953,0.019048579037189484,9.89552334023258e-06,0.859375,NA
954,0.026249153539538383,9.894930970398949e-06,0.796875,NA
955,0.01795545034110546,9.894336943808426e-06,0.875,NA
956,0.021110303699970245,9.89374126066207e-06,0.84375,NA
957,0.029864216223359108,9.893143921161501e-06,0.78125,NA
958,0.02394198440015316,9.892544925508894e-06,0.8125,NA
959,0.026746734976768494,9.891944273906985e-06,0.8125,NA
960,0.022548172622919083,9.891341966559078e-06,0.84375,NA
961,0.029583198949694633,9.890738003669029e-06,0.8125,NA
962,0.029846876859664917,9.890132385441258e-06,0.765625,NA
963,0.03427500277757645,9.889525112080747e-06,0.765625,NA
964,0.02613675408065319,9.88891618379303e-06,0.8125,NA
965,0.03349653631448746,9.888305600784217e-06,0.765625,NA
966,0.032108601182699203,9.887693363260958e-06,0.734375,NA
967,0.03472381457686424,9.887079471430481e-06,0.75,NA
968,0.033212803304195404,9.88646392550056e-06,0.734375,NA
969,0.02973451279103756,9.88584672567954e-06,0.765625,NA
970,0.03672020509839058,9.88522787217632e-06,0.734375,NA
971,0.03640349209308624,9.884607365200355e-06,0.703125,NA
972,0.0377630740404129,9.883985204961671e-06,0.765625,NA
973,0.028492063283920288,9.883361391670841e-06,0.828125,NA
974,0.0426173098385334,9.882735925539004e-06,0.6875,NA
975,0.039158500730991364,9.88210880677786e-06,0.703125,NA
976,0.0364673025906086,9.881480035599667e-06,0.71875,NA
977,0.034815628081560135,9.880849612217238e-06,0.75,NA
978,0.031040465459227562,9.88021753684395e-06,0.78125,NA
979,0.030229562893509865,9.879583809693737e-06,0.78125,NA
980,0.03303295746445656,9.878948430981095e-06,0.765625,NA
981,0.03800405189394951,9.878311400921072e-06,0.71875,NA
982,0.03754327446222305,9.877672719729283e-06,0.703125,NA
983,0.027883237227797508,9.877032387621899e-06,0.796875,NA
984,0.02784690260887146,9.876390404815648e-06,0.765625,NA
985,0.028804609552025795,9.875746771527817e-06,0.78125,NA
986,0.02900831215083599,9.875101487976254e-06,0.796875,NA
987,0.025620147585868835,9.874454554379363e-06,0.828125,NA
988,0.03644230216741562,9.87380597095611e-06,0.75,NA
989,0.025211786851286888,9.873155737926014e-06,0.796875,NA
990,0.022390706464648247,9.872503855509157e-06,0.828125,NA
991,0.03925023600459099,9.871850323926178e-06,0.6875,NA
992,0.03261512517929077,9.871195143398271e-06,0.734375,NA
993,0.034022893756628036,9.870538314147194e-06,0.75,NA
994,0.038823194801807404,9.86987983639526e-06,0.765625,NA
995,0.03076183795928955,9.869219710365337e-06,0.796875,NA
996,0.03110976330935955,9.868557936280856e-06,0.796875,NA
997,0.03724140673875809,9.867894514365802e-06,0.78125,NA
998,0.040329061448574066,9.867229444844721e-06,0.671875,NA
999,0.03396947309374809,9.866562727942714e-06,0.75,NA
1000,0.03712714463472366,9.865894363885442e-06,0.734375,0.7604
1001,0.038454245775938034,9.86522435289912e-06,0.703125,NA
1002,0.03362087532877922,9.864552695210524e-06,0.71875,NA
1003,0.02743893302977085,9.863879391046985e-06,0.84375,NA
1004,0.03113062120974064,9.86320444063639e-06,0.78125,NA
1005,0.03400404006242752,9.862527844207189e-06,0.71875,NA
1006,0.023785589262843132,9.861849601988384e-06,0.859375,NA
1007,0.02993534877896309,9.861169714209535e-06,0.78125,NA
1008,0.035357262939214706,9.86048818110076e-06,0.6875,NA
1009,0.03807668760418892,9.859805002892733e-06,0.734375,NA
1010,0.034910980612039566,9.859120179816684e-06,0.734375,NA
1011,0.04197128489613533,9.858433712104403e-06,0.6875,NA
1012,0.03327419236302376,9.857745599988231e-06,0.71875,NA
1013,0.04281141608953476,9.857055843701073e-06,0.703125,NA
1014,0.030289674177765846,9.856364443476386e-06,0.78125,NA
1015,0.036233872175216675,9.85567139954818e-06,0.703125,NA
1016,0.048574402928352356,9.85497671215103e-06,0.609375,NA
1017,0.030121712014079094,9.85428038152006e-06,0.828125,NA
1018,0.03333520516753197,9.853582407890954e-06,0.703125,NA
1019,0.030990928411483765,9.85288279149995e-06,0.8125,NA
1020,0.03262215480208397,9.852181532583843e-06,0.796875,NA
1021,0.030087977647781372,9.851478631379982e-06,0.765625,NA
1022,0.030797947198152542,9.850774088126278e-06,0.765625,NA
1023,0.036846742033958435,9.850067903061189e-06,0.734375,NA
1024,0.040053095668554306,9.849360076423736e-06,0.734375,NA
1025,0.03733188658952713,9.84865060845349e-06,0.734375,NA
1026,0.02923930063843727,9.847939499390581e-06,0.78125,NA
1027,0.02754158340394497,9.847226749475696e-06,0.796875,NA
1028,0.03123658336699009,9.846512358950072e-06,0.765625,NA
1029,0.03544551134109497,9.845796328055505e-06,0.765625,NA
1030,0.02510731853544712,9.845078657034348e-06,0.765625,NA
1031,0.030316052958369255,9.844359346129504e-06,0.828125,NA
1032,0.02668079175055027,9.843638395584436e-06,0.828125,NA
1033,0.034891147166490555,9.842915805643156e-06,0.6875,NA
1034,0.03150046244263649,9.842191576550237e-06,0.75,NA
1035,0.04456480219960213,9.841465708550805e-06,0.640625,NA
1036,0.034030914306640625,9.84073820189054e-06,0.765625,NA
1037,0.03876258805394173,9.840009056815674e-06,0.71875,NA
1038,0.034543540328741074,9.839278273573e-06,0.71875,NA
1039,0.03357608988881111,9.838545852409857e-06,0.75,NA
1040,0.029746338725090027,9.837811793574146e-06,0.75,NA
1041,0.033655788749456406,9.83707609731432e-06,0.703125,NA
1042,0.03286352381110191,9.836338763879386e-06,0.6875,NA
1043,0.02718738280236721,9.8355997935189e-06,0.765625,NA
1044,0.029575873166322708,9.834859186482981e-06,0.78125,NA
1045,0.05077524855732918,9.834116943022299e-06,0.59375,NA
1046,0.04172348976135254,9.83337306338807e-06,0.703125,NA
1047,0.03086918592453003,9.832627547832077e-06,0.765625,NA
1048,0.02574153058230877,9.831880396606649e-06,0.796875,NA
1049,0.03292910009622574,9.831131609964664e-06,0.75,NA
1050,0.042501337826251984,9.830381188159566e-06,0.703125,NA
1051,0.04073809087276459,9.829629131445342e-06,0.65625,NA
1052,0.04165417701005936,9.828875440076537e-06,0.6875,NA
1053,0.02165713720023632,9.828120114308248e-06,0.84375,NA
1054,0.02906961180269718,9.827363154396126e-06,0.75,NA
1055,0.03358195349574089,9.826604560596374e-06,0.75,NA
1056,0.0289422906935215,9.825844333165748e-06,0.8125,NA
1057,0.02371121384203434,9.825082472361558e-06,0.84375,NA
1058,0.02590813674032688,9.824318978441667e-06,0.796875,NA
1059,0.025918621569871902,9.82355385166449e-06,0.8125,NA
1060,0.033292949199676514,9.822787092288991e-06,0.71875,NA
1061,0.03356323018670082,9.822018700574696e-06,0.765625,NA
1062,0.029069799929857254,9.821248676781674e-06,0.78125,NA
1063,0.023855088278651237,9.82047702117055e-06,0.84375,NA
1064,0.028611918911337852,9.819703734002506e-06,0.796875,NA
1065,0.0424266941845417,9.818928815539266e-06,0.65625,NA
1066,0.02884027361869812,9.818152266043115e-06,0.796875,NA
1067,0.03684069216251373,9.817374085776888e-06,0.75,NA
1068,0.023617682978510857,9.816594275003966e-06,0.828125,NA
1069,0.034352511167526245,9.815812833988292e-06,0.703125,NA
1070,0.035000599920749664,9.815029762994353e-06,0.71875,NA
1071,0.03520139679312706,9.81424506228719e-06,0.765625,NA
1072,0.037675656378269196,9.813458732132395e-06,0.734375,NA
1073,0.024799389764666557,9.812670772796113e-06,0.828125,NA
1074,0.03333368897438049,9.811881184545042e-06,0.75,NA
1075,0.027860326692461967,9.811089967646427e-06,0.8125,NA
1076,0.026619136333465576,9.810297122368067e-06,0.8125,NA
1077,0.03296160697937012,9.809502648978311e-06,0.796875,NA
1078,0.03190183639526367,9.808706547746057e-06,0.78125,NA
1079,0.032912373542785645,9.80790881894076e-06,0.71875,NA
1080,0.026781899854540825,9.807109462832422e-06,0.796875,NA
1081,0.02933555655181408,9.806308479691595e-06,0.78125,NA
1082,0.02988891676068306,9.805505869789382e-06,0.78125,NA
1083,0.023671481758356094,9.80470163339744e-06,0.828125,NA
1084,0.023247240111231804,9.803895770787972e-06,0.8125,NA
1085,0.029515374451875687,9.803088282233733e-06,0.78125,NA
1086,0.028194570913910866,9.802279168008028e-06,0.8125,NA
1087,0.04905223473906517,9.801468428384716e-06,0.59375,NA
1088,0.03592417389154434,9.8006560636382e-06,0.75,NA
1089,0.02955610863864422,9.799842074043438e-06,0.8125,NA
1090,0.03610694408416748,9.799026459875935e-06,0.734375,NA
1091,0.03025040030479431,9.798209221411748e-06,0.796875,NA
1092,0.028810624033212662,9.79739035892748e-06,0.796875,NA
1093,0.03173867613077164,9.796569872700287e-06,0.796875,NA
1094,0.03536420688033104,9.795747763007877e-06,0.75,NA
1095,0.03352801129221916,9.794924030128504e-06,0.765625,NA
1096,0.025671204552054405,9.794098674340966e-06,0.8125,NA
1097,0.028286296874284744,9.793271695924621e-06,0.8125,NA
1098,0.03429921343922615,9.792443095159372e-06,0.75,NA
1099,0.03250744938850403,9.791612872325667e-06,0.765625,NA
1100,0.029563793912529945,9.790781027704507e-06,0.78125,0.7654
1101,0.02941339649260044,9.789947561577445e-06,0.78125,NA
1102,0.029893143102526665,9.789112474226575e-06,0.765625,NA
1103,0.0258029755204916,9.788275765934546e-06,0.8125,NA
1104,0.033144790679216385,9.787437436984552e-06,0.78125,NA
1105,0.040151920169591904,9.786597487660336e-06,0.6875,NA
1106,0.024624845013022423,9.785755918246194e-06,0.859375,NA
1107,0.042382821440696716,9.784912729026964e-06,0.640625,NA
1108,0.032798148691654205,9.78406792028804e-06,0.78125,NA
1109,0.03653191402554512,9.78322149231535e-06,0.734375,NA
1110,0.024448102340102196,9.782373445395386e-06,0.828125,NA
1111,0.04454365000128746,9.781523779815178e-06,0.65625,NA
1112,0.033349331468343735,9.78067249586231e-06,0.734375,NA
1113,0.031708039343357086,9.779819593824909e-06,0.75,NA
1114,0.024348184466362,9.778965073991652e-06,0.84375,NA
1115,0.02430959790945053,9.778108936651763e-06,0.828125,NA
1116,0.0465431772172451,9.77725118209501e-06,0.65625,NA
1117,0.03035956621170044,9.776391810611719e-06,0.75,NA
1118,0.03251981735229492,9.775530822492751e-06,0.71875,NA
1119,0.039695825427770615,9.77466821802952e-06,0.6875,NA
1120,0.029991475865244865,9.77380399751399e-06,0.765625,NA
1121,0.03159170225262642,9.77293816123866e-06,0.78125,NA
1122,0.02431822381913662,9.772070709496593e-06,0.8125,NA
1123,0.03879252076148987,9.771201642581384e-06,0.71875,NA
1124,0.04533389210700989,9.770330960787186e-06,0.640625,NA
1125,0.03712191805243492,9.769458664408689e-06,0.734375,NA
1126,0.04128472879528999,9.768584753741134e-06,0.671875,NA
1127,0.03342744708061218,9.767709229080312e-06,0.796875,NA
1128,0.0318099744617939,9.766832090722552e-06,0.796875,NA
1129,0.0332690067589283,9.765953338964736e-06,0.734375,NA
1130,0.03585515171289444,9.765072974104289e-06,0.6875,NA
1131,0.036855991929769516,9.764190996439181e-06,0.75,NA
1132,0.026319656521081924,9.763307406267933e-06,0.796875,NA
1133,0.032008688896894455,9.762422203889604e-06,0.78125,NA
1134,0.037801336497068405,9.761535389603807e-06,0.71875,NA
1135,0.024635348469018936,9.760646963710694e-06,0.796875,NA
1136,0.031398314982652664,9.759756926510966e-06,0.75,NA
1137,0.04283381626009941,9.75886527830587e-06,0.625,NA
1138,0.02801096998155117,9.757972019397192e-06,0.796875,NA
1139,0.02373739890754223,9.757077150087271e-06,0.84375,NA
1140,0.03532684966921806,9.756180670678989e-06,0.78125,NA
1141,0.0323629193007946,9.755282581475769e-06,0.78125,NA
1142,0.03418832644820213,9.754382882781583e-06,0.71875,NA
1143,0.03476244956254959,9.753481574900947e-06,0.765625,NA
1144,0.0420180968940258,9.75257865813892e-06,0.6875,NA
1145,0.030538616701960564,9.751674132801106e-06,0.796875,NA
1146,0.0273988526314497,9.750767999193656e-06,0.8125,NA
1147,0.04202196002006531,9.749860257623262e-06,0.734375,NA
1148,0.030240563675761223,9.748950908397165e-06,0.75,NA
1149,0.01993762142956257,9.748039951823141e-06,0.890625,NA
1150,0.03608546778559685,9.74712738820952e-06,0.71875,NA
1151,0.03369588777422905,9.74621321786517e-06,0.765625,NA
1152,0.035980094224214554,9.745297441099505e-06,0.671875,NA
1153,0.04058171436190605,9.744380058222483e-06,0.671875,NA
1154,0.02670888975262642,9.743461069544604e-06,0.796875,NA
1155,0.02169753424823284,9.742540475376914e-06,0.859375,NA
1156,0.03377398103475571,9.741618276030998e-06,0.734375,NA
1157,0.03519763797521591,9.740694471818988e-06,0.75,NA
1158,0.036418791860342026,9.73976906305356e-06,0.796875,NA
1159,0.024440547451376915,9.73884205004793e-06,0.828125,NA
1160,0.03737528249621391,9.737913433115858e-06,0.75,NA
1161,0.029213184490799904,9.736983212571646e-06,0.8125,NA
1162,0.029003698378801346,9.736051388730146e-06,0.8125,NA
1163,0.030498459935188293,9.73511796190674e-06,0.78125,NA
1164,0.03737300634384155,9.73418293241736e-06,0.75,NA
1165,0.028226464986801147,9.733246300578482e-06,0.765625,NA
1166,0.024746811017394066,9.732308066707123e-06,0.84375,NA
1167,0.03585019335150719,9.731368231120836e-06,0.703125,NA
1168,0.031597863882780075,9.730426794137727e-06,0.765625,NA
1169,0.03639071434736252,9.729483756076436e-06,0.734375,NA
1170,0.032130103558301926,9.728539117256147e-06,0.78125,NA
1171,0.02922883629798889,9.727592877996585e-06,0.765625,NA
1172,0.02832113765180111,9.726645038618018e-06,0.78125,NA
1173,0.03119567036628723,9.72569559944126e-06,0.796875,NA
1174,0.03156508132815361,9.724744560787655e-06,0.8125,NA
1175,0.03428327664732933,9.723791922979099e-06,0.734375,NA
1176,0.0362885557115078,9.722837686338025e-06,0.75,NA
1177,0.026420069858431816,9.721881851187407e-06,0.828125,NA
1178,0.03187819942831993,9.72092441785076e-06,0.765625,NA
1179,0.025334609672427177,9.719965386652142e-06,0.828125,NA
1180,0.030727824196219444,9.719004757916149e-06,0.78125,NA
1181,0.026498520746827126,9.718042531967918e-06,0.78125,NA
1182,0.029790205880999565,9.717078709133133e-06,0.78125,NA
1183,0.03411049023270607,9.716113289738005e-06,0.765625,NA
1184,0.03924737498164177,9.7151462741093e-06,0.71875,NA
1185,0.036944761872291565,9.714177662574316e-06,0.6875,NA
1186,0.03879313915967941,9.713207455460893e-06,0.734375,NA
1187,0.0329776369035244,9.712235653097411e-06,0.734375,NA
1188,0.022307271137833595,9.711262255812787e-06,0.875,NA
1189,0.036841150373220444,9.710287263936485e-06,0.734375,NA
1190,0.029109150171279907,9.709310677798501e-06,0.765625,NA
1191,0.028238683938980103,9.708332497729378e-06,0.765625,NA
1192,0.033176928758621216,9.70735272406019e-06,0.78125,NA
1193,0.029092764481902122,9.70637135712256e-06,0.78125,NA
1194,0.03989269956946373,9.705388397248638e-06,0.65625,NA
1195,0.03400713577866554,9.704403844771128e-06,0.75,NA
1196,0.028071308508515358,9.703417700023262e-06,0.78125,NA
1197,0.023083925247192383,9.702429963338812e-06,0.828125,NA
1198,0.028369193896651268,9.701440635052094e-06,0.765625,NA
1199,0.033292707055807114,9.700449715497962e-06,0.703125,NA
1200,0.02784017100930214,9.6994572050118e-06,0.828125,0.7704
1201,0.022940875962376595,9.698463103929542e-06,0.828125,NA
1202,0.029560914263129234,9.697467412587654e-06,0.765625,NA
1203,0.032153915613889694,9.696470131323142e-06,0.78125,NA
1204,0.033519960939884186,9.695471260473546e-06,0.796875,NA
1205,0.027435434982180595,9.694470800376951e-06,0.8125,NA
1206,0.041778430342674255,9.693468751371977e-06,0.65625,NA
1207,0.028893817216157913,9.69246511379778e-06,0.796875,NA
1208,0.03175646811723709,9.691459887994054e-06,0.75,NA
1209,0.028534715995192528,9.690453074301035e-06,0.8125,NA
1210,0.03774532303214073,9.68944467305949e-06,0.71875,NA
1211,0.027388429269194603,9.688434684610725e-06,0.78125,NA
1212,0.03178003430366516,9.687423109296587e-06,0.71875,NA
1213,0.02099180594086647,9.68640994745946e-06,0.859375,NA
1214,0.027742648497223854,9.685395199442256e-06,0.75,NA
1215,0.0360625796020031,9.684378865588435e-06,0.703125,NA
1216,0.03036472015082836,9.683360946241988e-06,0.796875,NA
1217,0.029062164947390556,9.682341441747446e-06,0.796875,NA
1218,0.026201365515589714,9.681320352449872e-06,0.796875,NA
1219,0.031671423465013504,9.680297678694867e-06,0.765625,NA
1220,0.03267291188240051,9.67927342082857e-06,0.78125,NA
1221,0.01737181283533573,9.678247579197658e-06,0.90625,NA
1222,0.03351643308997154,9.677220154149338e-06,0.765625,NA
1223,0.03650413826107979,9.676191146031356e-06,0.734375,NA
1224,0.0291739609092474,9.675160555191996e-06,0.84375,NA
1225,0.03398779779672623,9.674128381980073e-06,0.765625,NA
1226,0.026051664724946022,9.673094626744944e-06,0.796875,NA
1227,0.03493581339716911,9.672059289836493e-06,0.75,NA
1228,0.02928546629846096,9.671022371605148e-06,0.78125,NA
1229,0.0308395903557539,9.669983872401868e-06,0.796875,NA
1230,0.024980252608656883,9.668943792578145e-06,0.859375,NA
1231,0.03115319088101387,9.667902132486009e-06,0.78125,NA
1232,0.02569403126835823,9.666858892478026e-06,0.796875,NA
1233,0.03615991398692131,9.665814072907293e-06,0.71875,NA
1234,0.02739359438419342,9.664767674127447e-06,0.828125,NA
1235,0.033941399306058884,9.66371969649265e-06,0.734375,NA
1236,0.021624166518449783,9.662670140357611e-06,0.84375,NA
1237,0.02717258408665657,9.661619006077562e-06,0.78125,NA
1238,0.042763255536556244,9.660566294008276e-06,0.671875,NA
1239,0.02637229673564434,9.659512004506057e-06,0.828125,NA
1240,0.030656147748231888,9.658456137927745e-06,0.828125,NA
1241,0.03340653330087662,9.657398694630713e-06,0.765625,NA
1242,0.02520088665187359,9.656339674972866e-06,0.796875,NA
1243,0.02301074005663395,9.655279079312643e-06,0.875,NA
1244,0.04208242893218994,9.654216908009018e-06,0.6875,NA
1245,0.035605400800704956,9.653153161421497e-06,0.71875,NA
1246,0.028055621311068535,9.652087839910123e-06,0.8125,NA
1247,0.025786343961954117,9.651020943835465e-06,0.828125,NA
1248,0.042802054435014725,9.64995247355863e-06,0.75,NA
1249,0.024958480149507523,9.648882429441258e-06,0.796875,NA
1250,0.03467177972197533,9.647810811845516e-06,0.734375,NA
1251,0.02999970316886902,9.646737621134112e-06,0.75,NA
1252,0.031456317752599716,9.645662857670281e-06,0.78125,NA
1253,0.022455062717199326,9.644586521817792e-06,0.859375,NA
1254,0.023278823122382164,9.643508613940943e-06,0.828125,NA
1255,0.03752554953098297,9.642429134404568e-06,0.6875,NA
1256,0.03253346309065819,9.641348083574034e-06,0.796875,NA
1257,0.03507800027728081,9.640265461815235e-06,0.765625,NA
1258,0.035372793674468994,9.6391812694946e-06,0.734375,NA
1259,0.029878461733460426,9.63809550697909e-06,0.796875,NA
1260,0.0223285723477602,9.637008174636196e-06,0.84375,NA
1261,0.02642267756164074,9.635919272833938e-06,0.8125,NA
1262,0.02515983022749424,9.634828801940872e-06,0.796875,NA
1263,0.020231425762176514,9.633736762326084e-06,0.875,NA
1264,0.028820374980568886,9.632643154359187e-06,0.78125,NA
1265,0.03346675634384155,9.63154797841033e-06,0.734375,NA
1266,0.02850140444934368,9.63045123485019e-06,0.8125,NA
1267,0.026090551167726517,9.629352924049975e-06,0.8125,NA
1268,0.024352634325623512,9.628253046381422e-06,0.875,NA
1269,0.03994975611567497,9.627151602216801e-06,0.6875,NA
1270,0.037734292447566986,9.626048591928911e-06,0.71875,NA
1271,0.025605453178286552,9.62494401589108e-06,0.796875,NA
1272,0.02881929837167263,9.62383787447717e-06,0.796875,NA
1273,0.026396865025162697,9.622730168061568e-06,0.75,NA
1274,0.04082164913415909,9.62162089701919e-06,0.703125,NA
1275,0.027492577210068703,9.620510061725486e-06,0.8125,NA
1276,0.038822125643491745,9.619397662556434e-06,0.6875,NA
1277,0.03492123261094093,9.618283699888543e-06,0.6875,NA
1278,0.022067053243517876,9.617168174098843e-06,0.84375,NA
1279,0.04314735531806946,9.616051085564905e-06,0.640625,NA
1280,0.03326372057199478,9.61493243466482e-06,0.75,NA
1281,0.02418089285492897,9.613812221777212e-06,0.859375,NA
1282,0.030384881421923637,9.612690447281233e-06,0.78125,NA
1283,0.033913079649209976,9.611567111556561e-06,0.734375,NA
1284,0.03133615106344223,9.610442214983405e-06,0.78125,NA
1285,0.030380520969629288,9.609315757942504e-06,0.765625,NA
1286,0.029917636886239052,9.60818774081512e-06,0.75,NA
1287,0.026069700717926025,9.607058163983048e-06,0.8125,NA
1288,0.02556348405778408,9.605927027828608e-06,0.75,NA
1289,0.03122781775891781,9.604794332734647e-06,0.765625,NA
1290,0.026982033625245094,9.603660079084546e-06,0.828125,NA
1291,0.025608932599425316,9.602524267262202e-06,0.8125,NA
1292,0.037519264966249466,9.601386897652052e-06,0.671875,NA
1293,0.03122394159436226,9.600247970639053e-06,0.75,NA
1294,0.03041827492415905,9.59910748660869e-06,0.734375,NA
1295,0.026436761021614075,9.597965445946975e-06,0.796875,NA
1296,0.04067099094390869,9.596821849040446e-06,0.6875,NA
1297,0.03847268223762512,9.595676696276173e-06,0.75,NA
1298,0.029408980160951614,9.594529988041746e-06,0.8125,NA
1299,0.030016127973794937,9.593381724725286e-06,0.796875,NA
1300,0.03054250217974186,9.592231906715437e-06,0.796875,0.7735
1301,0.03224498778581619,9.591080534401371e-06,0.75,NA
1302,0.029548633843660355,9.589927608172787e-06,0.796875,NA
1303,0.02922164835035801,9.588773128419907e-06,0.796875,NA
1304,0.02905258536338806,9.587617095533481e-06,0.78125,NA
1305,0.02881263755261898,9.586459509904786e-06,0.796875,NA
1306,0.03550676628947258,9.58530037192562e-06,0.71875,NA
1307,0.029687045142054558,9.584139681988314e-06,0.8125,NA
1308,0.03134813532233238,9.582977440485713e-06,0.78125,NA
1309,0.03906187787652016,9.581813647811199e-06,0.71875,NA
1310,0.03994127735495567,9.580648304358671e-06,0.703125,NA
1311,0.04067947342991829,9.579481410522556e-06,0.71875,NA
1312,0.028727753087878227,9.578312966697807e-06,0.71875,NA
1313,0.030634602531790733,9.577142973279896e-06,0.78125,NA
1314,0.024214623495936394,9.575971430664827e-06,0.859375,NA
1315,0.024709174409508705,9.574798339249124e-06,0.8125,NA
1316,0.032087795436382294,9.573623699429837e-06,0.734375,NA
1317,0.03155249357223511,9.572447511604536e-06,0.734375,NA
1318,0.02940230444073677,9.571269776171319e-06,0.8125,NA
1319,0.03370258957147598,9.57009049352881e-06,0.75,NA
1320,0.01961309276521206,9.568909664076149e-06,0.890625,NA
1321,0.023751942440867424,9.567727288213005e-06,0.84375,NA
1322,0.035212963819503784,9.566543366339571e-06,0.734375,NA
1323,0.04349132999777794,9.565357898856562e-06,0.65625,NA
1324,0.03860696032643318,9.564170886165214e-06,0.6875,NA
1325,0.030057428404688835,9.56298232866729e-06,0.75,NA
1326,0.03198900818824768,9.561792226765072e-06,0.78125,NA
1327,0.01860199309885502,9.560600580861366e-06,0.875,NA
1328,0.025226062163710594,9.559407391359503e-06,0.796875,NA
1329,0.030504530295729637,9.55821265866333e-06,0.765625,NA
1330,0.03684011474251747,9.557016383177226e-06,0.71875,NA
1331,0.026497814804315567,9.555818565306086e-06,0.8125,NA
1332,0.02977283112704754,9.554619205455326e-06,0.78125,NA
1333,0.02555026113986969,9.553418304030886e-06,0.765625,NA
1334,0.022595196962356567,9.552215861439229e-06,0.84375,NA
1335,0.039113473147153854,9.551011878087337e-06,0.703125,NA
1336,0.036715611815452576,9.549806354382716e-06,0.6875,NA
1337,0.01983567886054516,9.548599290733393e-06,0.859375,NA
1338,0.03873571380972862,9.547390687547911e-06,0.734375,NA
1339,0.03427746146917343,9.546180545235344e-06,0.734375,NA
1340,0.03153366595506668,9.544968864205277e-06,0.75,NA
1341,0.02912096492946148,9.543755644867823e-06,0.796875,NA
1342,0.027351045981049538,9.54254088763361e-06,0.796875,NA
1343,0.027650022879242897,9.541324592913792e-06,0.8125,NA
1344,0.02843671478331089,9.540106761120039e-06,0.796875,NA
1345,0.03564786538481712,9.538887392664544e-06,0.75,NA
1346,0.03455626219511032,9.537666487960018e-06,0.765625,NA
1347,0.027908140793442726,9.536444047419696e-06,0.78125,NA
1348,0.022876590490341187,9.535220071457325e-06,0.84375,NA
1349,0.038897816091775894,9.53399456048718e-06,0.71875,NA
1350,0.03254421427845955,9.532767514924052e-06,0.75,NA
1351,0.03516111895442009,9.531538935183252e-06,0.703125,NA
1352,0.030683202669024467,9.530308821680605e-06,0.75,NA
1353,0.03216913342475891,9.529077174832466e-06,0.75,NA
1354,0.024332832545042038,9.527843995055698e-06,0.859375,NA
1355,0.029930079355835915,9.526609282767691e-06,0.796875,NA
1356,0.028409576043486595,9.52537303838635e-06,0.78125,NA
1357,0.02599925361573696,9.524135262330098e-06,0.8125,NA
1358,0.02136673592031002,9.522895955017877e-06,0.859375,NA
1359,0.032502032816410065,9.52165511686915e-06,0.75,NA
1360,0.03154294937849045,9.520412748303894e-06,0.765625,NA
1361,0.03658319264650345,9.519168849742603e-06,0.734375,NA
1362,0.03827307000756264,9.517923421606296e-06,0.765625,NA
1363,0.02651408314704895,9.516676464316505e-06,0.765625,NA
1364,0.028420353308320045,9.515427978295277e-06,0.796875,NA
1365,0.03281119093298912,9.514177963965183e-06,0.734375,NA
1366,0.023638229817152023,9.512926421749305e-06,0.828125,NA
1367,0.031621284782886505,9.511673352071244e-06,0.8125,NA
1368,0.01834676042199135,9.51041875535512e-06,0.890625,NA
1369,0.02553977444767952,9.50916263202557e-06,0.84375,NA
1370,0.02394353784620762,9.507904982507744e-06,0.796875,NA
1371,0.020164934918284416,9.506645807227311e-06,0.875,NA
1372,0.02947293035686016,9.505385106610458e-06,0.78125,NA
1373,0.0316089391708374,9.504122881083886e-06,0.765625,NA
1374,0.038778889924287796,9.502859131074811e-06,0.71875,NA
1375,0.025515049695968628,9.501593857010968e-06,0.84375,NA
1376,0.025695493444800377,9.500327059320606e-06,0.765625,NA
1377,0.03712618350982666,9.499058738432492e-06,0.734375,NA
1378,0.02053726650774479,9.497788894775903e-06,0.859375,NA
1379,0.04148560389876366,9.496517528780637e-06,0.75,NA
1380,0.03537021204829216,9.495244640877006e-06,0.71875,NA
1381,0.03489398583769798,9.493970231495836e-06,0.75,NA
1382,0.039878472685813904,9.492694301068468e-06,0.75,NA
1383,0.03022230975329876,9.491416850026759e-06,0.75,NA
1384,0.026217103004455566,9.490137878803078e-06,0.796875,NA
1385,0.03531293198466301,9.488857387830315e-06,0.765625,NA
1386,0.03409501910209656,9.487575377541865e-06,0.765625,NA
1387,0.02833806909620762,9.486291848371642e-06,0.765625,NA
1388,0.021799752488732338,9.48500680075408e-06,0.828125,NA
1389,0.026579786092042923,9.483720235124113e-06,0.859375,NA
1390,0.02713220752775669,9.482432151917204e-06,0.78125,NA
1391,0.02121691219508648,9.481142551569318e-06,0.84375,NA
1392,0.030953893437981606,9.47985143451694e-06,0.828125,NA
1393,0.029750151559710503,9.478558801197065e-06,0.8125,NA
1394,0.021389473229646683,9.477264652047204e-06,0.875,NA
1395,0.03362170606851578,9.47596898750538e-06,0.765625,NA
1396,0.029262764379382133,9.474671808010126e-06,0.765625,NA
1397,0.03510230407118797,9.473373114000493e-06,0.71875,NA
1398,0.031227339059114456,9.47207290591604e-06,0.8125,NA
1399,0.0373108945786953,9.470771184196842e-06,0.75,NA
1400,0.035229604691267014,9.469467949283483e-06,0.71875,0.7769
1401,0.04585733637213707,9.468163201617063e-06,0.6875,NA
1402,0.03095196560025215,9.46685694163919e-06,0.765625,NA
1403,0.03514493629336357,9.465549169791984e-06,0.78125,NA
1404,0.02963619865477085,9.464239886518083e-06,0.765625,NA
1405,0.03424731269478798,9.46292909226063e-06,0.75,NA
1406,0.03269756957888603,9.461616787463278e-06,0.703125,NA
1407,0.03771362826228142,9.460302972570198e-06,0.65625,NA
1408,0.036471884697675705,9.458987648026071e-06,0.75,NA
1409,0.028823405504226685,9.457670814276083e-06,0.796875,NA
1410,0.025149798020720482,9.456352471765935e-06,0.796875,NA
1411,0.029154062271118164,9.45503262094184e-06,0.78125,NA
1412,0.033029425889253616,9.453711262250519e-06,0.734375,NA
1413,0.03040120378136635,9.452388396139202e-06,0.828125,NA
1414,0.03502319008111954,9.451064023055634e-06,0.734375,NA
1415,0.02729927934706211,9.449738143448065e-06,0.734375,NA
1416,0.044562626630067825,9.44841075776526e-06,0.65625,NA
1417,0.0360337570309639,9.44708186645649e-06,0.75,NA
1418,0.03501182049512863,9.445751469971534e-06,0.6875,NA
1419,0.027341527864336967,9.444419568760685e-06,0.796875,NA
1420,0.03481888398528099,9.443086163274745e-06,0.78125,NA
1421,0.02189570665359497,9.441751253965022e-06,0.828125,NA
1422,0.027651352807879448,9.440414841283334e-06,0.78125,NA
1423,0.03585276007652283,9.439076925682006e-06,0.75,NA
1424,0.025429068133234978,9.43773750761388e-06,0.8125,NA
1425,0.021527891978621483,9.436396587532297e-06,0.859375,NA
1426,0.02273363433778286,9.43505416589111e-06,0.859375,NA
1427,0.034327127039432526,9.43371024314468e-06,0.75,NA
1428,0.03211512044072151,9.432364819747874e-06,0.765625,NA
1429,0.03356214612722397,9.431017896156074e-06,0.75,NA
1430,0.029412223026156425,9.429669472825162e-06,0.8125,NA
1431,0.04027572646737099,9.428319550211531e-06,0.765625,NA
1432,0.030304813757538795,9.42696812877208e-06,0.765625,NA
1433,0.0404568687081337,9.425615208964217e-06,0.734375,NA
1434,0.03526363521814346,9.424260791245858e-06,0.765625,NA
1435,0.0321299247443676,9.42290487607542e-06,0.765625,NA
1436,0.0350818894803524,9.421547463911835e-06,0.796875,NA
1437,0.032299164682626724,9.420188555214537e-06,0.75,NA
1438,0.03530785068869591,9.418828150443469e-06,0.765625,NA
1439,0.023571506142616272,9.417466250059074e-06,0.859375,NA
1440,0.0409228578209877,9.41610285452231e-06,0.703125,NA
1441,0.0325130894780159,9.414737964294636e-06,0.75,NA
1442,0.03345566615462303,9.413371579838018e-06,0.734375,NA
1443,0.0314258448779583,9.412003701614926e-06,0.78125,NA
1444,0.03822942450642586,9.41063433008834e-06,0.71875,NA
1445,0.03445198014378548,9.40926346572174e-06,0.734375,NA
1446,0.026472533121705055,9.407891108979117e-06,0.796875,NA
1447,0.03738325834274292,9.406517260324962e-06,0.71875,NA
1448,0.027968620881438255,9.405141920224273e-06,0.8125,NA
1449,0.022587081417441368,9.403765089142554e-06,0.78125,NA
1450,0.028655415400862694,9.40238676754581e-06,0.828125,NA
1451,0.023424312472343445,9.401006955900557e-06,0.8125,NA
1452,0.02921348251402378,9.399625654673807e-06,0.8125,NA
1453,0.029540641233325005,9.398242864333084e-06,0.75,NA
1454,0.02792973630130291,9.396858585346409e-06,0.765625,NA
1455,0.03956395387649536,9.395472818182314e-06,0.703125,NA
1456,0.028711555525660515,9.394085563309827e-06,0.84375,NA
1457,0.028763487935066223,9.392696821198488e-06,0.78125,NA
1458,0.034933190792798996,9.391306592318331e-06,0.734375,NA
1459,0.026083845645189285,9.389914877139903e-06,0.828125,NA
1460,0.03373298794031143,9.388521676134247e-06,0.78125,NA
1461,0.031456854194402695,9.38712698977291e-06,0.75,NA
1462,0.04923468083143234,9.385730818527945e-06,0.671875,NA
1463,0.028703933581709862,9.384333162871904e-06,0.8125,NA
1464,0.016917480155825615,9.382934023277842e-06,0.921875,NA
1465,0.02749796025454998,9.381533400219319e-06,0.75,NA
1466,0.029728999361395836,9.380131294170394e-06,0.828125,NA
1467,0.026137208566069603,9.37872770560563e-06,0.796875,NA
1468,0.032465171068906784,9.37732263500009e-06,0.703125,NA
1469,0.028970886021852493,9.375916082829341e-06,0.765625,NA
1470,0.030577698722481728,9.374508049569447e-06,0.75,NA
1471,0.02962375245988369,9.37309853569698e-06,0.8125,NA
1472,0.03685535490512848,9.371687541689008e-06,0.71875,NA
1473,0.03196846321225166,9.370275068023097e-06,0.75,NA
1474,0.028291482478380203,9.368861115177327e-06,0.765625,NA
1475,0.03553713485598564,9.367445683630264e-06,0.734375,NA
1476,0.0201359074562788,9.366028773860981e-06,0.84375,NA
1477,0.028452886268496513,9.364610386349048e-06,0.828125,NA
1478,0.029342055320739746,9.363190521574545e-06,0.765625,NA
1479,0.036618269979953766,9.36176918001804e-06,0.71875,NA
1480,0.028570815920829773,9.360346362160604e-06,0.84375,NA
1481,0.035385485738515854,9.358922068483813e-06,0.71875,NA
1482,0.03485798090696335,9.357496299469737e-06,0.71875,NA
1483,0.03302530199289322,9.356069055600949e-06,0.75,NA
1484,0.02790682576596737,9.354640337360517e-06,0.828125,NA
1485,0.02756376937031746,9.35321014523201e-06,0.8125,NA
1486,0.02256796695291996,9.351778479699499e-06,0.859375,NA
1487,0.03924983739852905,9.35034534124755e-06,0.71875,NA
1488,0.03138643503189087,9.348910730361227e-06,0.828125,NA
1489,0.03303155303001404,9.347474647526095e-06,0.78125,NA
1490,0.032404329627752304,9.346037093228217e-06,0.75,NA
1491,0.04117587208747864,9.344598067954151e-06,0.671875,NA
1492,0.02653750777244568,9.343157572190957e-06,0.78125,NA
1493,0.022997498512268066,9.34171560642619e-06,0.890625,NA
1494,0.038908977061510086,9.3402721711479e-06,0.734375,NA
1495,0.02369750291109085,9.338827266844643e-06,0.84375,NA
1496,0.033327169716358185,9.337380894005463e-06,0.796875,NA
1497,0.037070196121931076,9.335933053119906e-06,0.75,NA
1498,0.028474777936935425,9.334483744678015e-06,0.796875,NA
1499,0.03535288944840431,9.333032969170326e-06,0.734375,NA
1500,0.03008347749710083,9.331580727087875e-06,0.796875,0.7791
1501,0.02984924428164959,9.330127018922195e-06,0.765625,NA
1502,0.02962966077029705,9.328671845165309e-06,0.828125,NA
1503,0.022909050807356834,9.327215206309747e-06,0.8125,NA
1504,0.03528675436973572,9.325757102848523e-06,0.796875,NA
1505,0.029646623879671097,9.324297535275156e-06,0.765625,NA
1506,0.03300769254565239,9.322836504083654e-06,0.765625,NA
1507,0.03126341849565506,9.321374009768525e-06,0.796875,NA
1508,0.022612083703279495,9.319910052824769e-06,0.84375,NA
1509,0.022556884214282036,9.318444633747884e-06,0.875,NA
1510,0.03744038566946983,9.316977753033858e-06,0.75,NA
1511,0.021560819819569588,9.315509411179182e-06,0.859375,NA
1512,0.027894098311662674,9.314039608680833e-06,0.78125,NA
1513,0.024431129917502403,9.312568346036288e-06,0.8125,NA
1514,0.02819744311273098,9.311095623743513e-06,0.78125,NA
1515,0.030173970386385918,9.309621442300976e-06,0.78125,NA
1516,0.025168195366859436,9.30814580220763e-06,0.875,NA
1517,0.02485380321741104,9.306668703962927e-06,0.828125,NA
1518,0.029992828145623207,9.30519014806681e-06,0.796875,NA
1519,0.016768088564276695,9.30371013501972e-06,0.875,NA
1520,0.03168058395385742,9.302228665322583e-06,0.75,NA
1521,0.026439597830176353,9.300745739476828e-06,0.796875,NA
1522,0.02734931744635105,9.299261357984368e-06,0.84375,NA
1523,0.022301828488707542,9.297775521347614e-06,0.84375,NA
1524,0.02899031713604927,9.296288230069468e-06,0.8125,NA
1525,0.027834875509142876,9.294799484653323e-06,0.78125,NA
1526,0.02539984881877899,9.293309285603066e-06,0.84375,NA
1527,0.03096550703048706,9.291817633423077e-06,0.71875,NA
1528,0.028199905529618263,9.290324528618225e-06,0.75,NA
1529,0.03414365276694298,9.288829971693869e-06,0.75,NA
1530,0.0311289019882679,9.287333963155867e-06,0.78125,NA
1531,0.03148648142814636,9.285836503510562e-06,0.765625,NA
1532,0.027314776554703712,9.28433759326479e-06,0.8125,NA
1533,0.03241150453686714,9.282837232925876e-06,0.75,NA
1534,0.03551385924220085,9.281335423001641e-06,0.734375,NA
1535,0.030992528423666954,9.279832164000391e-06,0.796875,NA
1536,0.024698836728930473,9.278327456430927e-06,0.8125,NA
1537,0.029136953875422478,9.276821300802535e-06,0.8125,NA
